No,Nama User,Nama Produk,Varian Produk,Link Produk,Rating,Tanggal,Ulasan
1,Budi,"ORICO M.2 NVMe & M.2 NGFF/M.2 SATA SSD Enclosure with Silicone Protective Case USB-C up to 5/6/10 Gbps, 2-in-1 Cable Portable Hanging Rope - AXM2 series",Varian: AXM2-G2-V1,https://www.tokopedia.com/orico/orico-m-2-nvme-m-2-ngff-m-2-sata-ssd-enclosure-with-silicone-protective-case-usb-c-up-to-5-6-10-gbps-2-in-1-cable-portable-hanging-rope-axm2-series,5,2025-04-24,Barang sudah diterima kondisi bagus
2,fauzan,Null,Null,https://www.tokopedia.com/orico/orico-4-port-usb-3-0-hub-twu3-4a,5,2025-04-24,"barang bagus. berfungsi sesuai,  bahan plastik bagus kokoh. ukuran pas sesuai perkiraan. bentuknya bisa pasang flasdisk yg ukurannya besar"
3,h***n,"ORICO SATA 2.5"" SSD 128GB/256GB/512GB/1TB/2TB/4TB - Y20 Series",Varian: 256GB,https://www.tokopedia.com/orico/orico-sata-2-5-ssd-128gb-256gb-512gb-1tb-2tb-4tb-y20-series,5,2025-04-24,pembelian yang ke dua
4,BagoesPoetra,Null,Null,https://www.tokopedia.com/orico/orico-4-port-usb-3-0-hub-twu3-4a,5,2025-04-24,belum ada ulasan
5,BagoesPoetra,ORICO HDD SSD Enclosure 2.5 Inch USB 3.0 - 2020U3,Varian: 2020U3-V1,https://www.tokopedia.com/orico/orico-hdd-ssd-enclosure-2-5-inch-usb-3-0-2020u3,5,2025-04-24,belum ada ulasan
6,Anka,Null,Null,https://www.tokopedia.com/orico/orico-foldable-laptop-stand-233-210-87mm-ma13,5,2025-04-24,Kokoh banget dan multifungsi
7,M***M,ORICO Laptop Stand - PFB-A23,Varian: Hitam,https://www.tokopedia.com/orico/orico-laptop-stand-pfb-a23,5,2025-04-24,"kirain bahan besi, menurut ku ini over price, dan gak bisa dikunci tingkatannya"
8,gandi,ORICO Laptop Stand - PFB-A23,Varian: Hitam,https://www.tokopedia.com/orico/orico-laptop-stand-pfb-a23,3,2025-04-24,"Stand laptop ini sangat ergonomis, bisa dilipat dan memakan sedikit tempat. Lumayan kuat, dapat menahan laptop saya yang bobotnya 2,3 kg. Namun, awalnya saya pikir ukuran..."
9,R***a,Null,Null,https://www.tokopedia.com/orico/orico-hdmi-bi-directional-splitter-or-switcher-4k-60hz-hs2-a1-bk-ep,1,2025-04-24,belum ada ulasan
10,H***I,ORICO USB 3.0 to Ethernet LAN Adapter 1000 Mbps - UTK-U3,Varian: Hitam,https://www.tokopedia.com/orico/orico-usb-3-0-to-ethernet-lan-adapter-1000-mbps-utk-u3,5,2025-04-24,berfungsi dengan baik
11,Widhi,"ORICO SATA 2.5"" SSD 128GB/256GB/512GB/1TB/2TB/4TB - Y20 Series",Varian: 256GB,https://www.tokopedia.com/orico/orico-sata-2-5-ssd-128gb-256gb-512gb-1tb-2tb-4tb-y20-series,5,2025-04-20,Trims kasih
12,G***n,ORICO PW Series 4-Port USB3.0 Hub - PAPW Series,Varian: PAPW4A-U3-015 - Hitam,https://www.tokopedia.com/orico/orico-pw-series-4-port-usb3-0-hub-papw-series,5,2025-04-19,"Bagus, sesuai spek. Usb Port berfungsi semua."
13,Rhyan,ORICO 2139C3 2.5 inch Type-C Transparent Hard Drive Enclosure,Varian: 2139C3,https://www.tokopedia.com/orico/orico-2139c3-2-5-inch-type-c-transparent-hard-drive-enclosure,5,2025-04-19,"MANTAPPP 
produk sdh ditest, berfungsi normal dan tidak ada kendala
Admin fast respon

tengkyuuu"
14,H***o,Null,Null,https://www.tokopedia.com/orico/orico-m-2-nvme-ssd-enclosure-m2pv-c3,5,2025-04-19,Barang work walau agak susah masang baut nya agak keganjal jadi harus agak ditekan biar pas masuk. nvme dingin buat migrais os. Semoga awet barangnya. Untuk pengiriman ok...
15,Sandya,ORICO OTG Type-C to USB3.0 Adapter - CBT-UT01,Varian: Hitam,https://www.tokopedia.com/orico/orico-otg-type-c-to-usb3-0-adapter-cbt-ut01,5,2025-04-19,"Barang sesuai deskripsi, Packing juga rapi üëçüèª"
16,Sandya,Null,Null,https://www.tokopedia.com/orico/orico-2in1-tf-sd-memory-card-reader-usb-2-0-type-c-480mbps-cd2d-ac2,5,2025-04-19,"Barang sesuai deskripsi, Packing juga rapi üëçüèª"
17,Sandya,Null,Null,https://www.tokopedia.com/orico/orico-usb3-1-male-to-type-c-female-adapter-10gbps-ah-ac10,5,2025-04-19,"Barang sesuai deskripsi, Packing juga rapi üëçüèª"
18,Sandya,Null,Null,https://www.tokopedia.com/orico/orico-external-usb-sound-card-skt3,5,2025-04-19,"Barang sesuai deskripsi, Packing juga rapi üëçüèª"
19,Yusri,"ORICO SATA 2.5"" SSD 128GB/256GB/512GB/1TB/2TB/4TB - Y20 Series",Varian: 128GB,https://www.tokopedia.com/orico/orico-sata-2-5-ssd-128gb-256gb-512gb-1tb-2tb-4tb-y20-series,5,2025-04-19,mantap... langsung kebaca.. sesuai pesanan paking bagus... tks sller dan kurir..
20,riki,ORICO 2189C3 2.5 inch Type-C Hard Drive Enclosure - Hitam,Varian: 2189C3-V1,https://www.tokopedia.com/orico/orico-2189c3-25-inch-type-c-hard-drive-enclosure-hitam,5,2025-04-19,berfungsi baik. free kabel juga. ukuran pas dengan hdd dan ssd
21,G***e,Null,Null,https://www.tokopedia.com/orico/orico-type-c-hub-to-usb-3-0-1port-usb-2-0-2-port-tf-card-ah-12f,4,2025-04-18,"Baru tes dipasang ke Samsung Tab S9 FE. Dengan keyboard(USB), bisa"
22,Luthfi,ORICO Card Reader USB3.0 TF / SD - CRS21,Varian: Putih,https://www.tokopedia.com/orico/orico-card-reader-usb3-0-tf-sd-crs21,5,2025-04-18,Barang diterima dengan dan berfungsi sangat baik
23,h***n,"ORICO SATA 2.5"" SSD 128GB/256GB/512GB/1TB/2TB/4TB - Y20 Series",Varian: 256GB,https://www.tokopedia.com/orico/orico-sata-2-5-ssd-128gb-256gb-512gb-1tb-2tb-4tb-y20-series,5,2025-04-18,respon cepat barang bagus
24,J***s,Null,Null,https://www.tokopedia.com/orico/orico-mps3025-5mm-mouse-pad-rubber,5,2025-04-18,"Mantap, üëçüëçüëçüëçüëçüëçüëçüëçüëçüëçüëçüëçüëçüëçüëçüëçüëçüëçüëçüëçüëçüëçüëçüëçüëçüëçüëçüëçüëçüëçüëçüëçüëçüëçüëç"
25,Naufal,"ORICO M.2 NVMe SSD Enclosure with Silicone Protective Case USB-C up to 10 Gbps, 2-in-1 Cable Portable Hanging Rope - AXM2-G2",Varian: AXM2-G2-V1,https://www.tokopedia.com/orico/orico-m-2-nvme-ssd-enclosure-with-silicone-protective-case-usb-c-up-to-10-gbps-2-in-1-cable-portable-hanging-rope-axm2-g2,5,2025-04-18,"Mantap pengirimannya terbilang cukup cepat, ganyampe 2 hari dah sampe. Desainnya elegan, berfungsi dengan baik Alhamdulillah, semoga bisa awet üôèüèª"
26,S***i,ORICO 2139C3 2.5 inch Type-C Transparent Hard Drive Enclosure,Varian: 2139C3,https://www.tokopedia.com/orico/orico-2139c3-2-5-inch-type-c-transparent-hard-drive-enclosure,5,2025-04-18,"pembelian kedua, sayang udah ga dapet diskon terima kasih seluler dan bang kurir"
27,R***o,Null,Null,https://www.tokopedia.com/orico/orico-hdd-ssd-enclosure-2-5-inch-usb-3-0-2020u3-v1,5,2025-04-18,"Barang berkualitas, sudah beberapa kali beli enclosure ditoko ini"
28,U***l,ORICO Mini 3 Port USB HUB Aluminium USB 3.0 2.0 - MINI-U32L,Varian: Abu-abu,https://www.tokopedia.com/orico/orico-mini-3-port-usb-hub-aluminium-usb-3-0-2-0-mini-u32l,5,2025-04-17,"Produk bagus, compact, build quality bagus dan berfungsi dengan baik."
29,Adhimas,ORICO Laptop Stand - PFB-A23,Varian: Putih,https://www.tokopedia.com/orico/orico-laptop-stand-pfb-a23,5,2025-04-17,bisa digunakan dan tidak ada tanda-tanda kerusakan
30,Narayana,Null,Null,https://www.tokopedia.com/orico/orico-msata-to-usb-3-2-gen1-transparent-external-ssd-enclosure-tc10-ms,5,2025-04-17,"Barang bagus sesuai deskripsi, dan dikirim dg aman"
31,Taufiq,"ORICO M.2 NVMe & M.2 NGFF/M.2 SATA SSD Enclosure with Silicone Protective Case USB-C up to 5/6/10 Gbps, 2-in-1 Cable Portable Hanging Rope - AXM2 series",Varian: AXM2-G2-V1,https://www.tokopedia.com/orico/orico-m-2-nvme-m-2-ngff-m-2-sata-ssd-enclosure-with-silicone-protective-case-usb-c-up-to-5-6-10-gbps-2-in-1-cable-portable-hanging-rope-axm2-series,5,2025-04-17,"berfungsi dengan baik, bongkar pasangnya mudah"
32,Abdullah,ORICO USB Bluetooth Dongle V5.0 Adapter - BTA-508,Varian: Putih,https://www.tokopedia.com/orico/orico-usb-bluetooth-dongle-v5-0-adapter-bta-508,5,2025-04-17,Berfungsi dengan baik. Suara lancar tidak putus
33,m***y,ORICO HDD SSD Enclosure 2.5 Inch USB 3.0 - 2020U3,Varian: 2020U3-V1,https://www.tokopedia.com/orico/orico-hdd-ssd-enclosure-2-5-inch-usb-3-0-2020u3,5,2025-04-17,sampai dengan utuh..baik..tidak pecah.. baru akan di cek secara fungsinya.. semoga normal semua.aamiin
34,Y***i,"ORICO SATA 2.5"" SSD 128GB/256GB/512GB/1TB/2TB/4TB - Y20 Series",Varian: 128GB,https://www.tokopedia.com/orico/orico-sata-2-5-ssd-128gb-256gb-512gb-1tb-2tb-4tb-y20-series,5,2025-04-17,belum di coba mudah2an aman jaya terimakasih
35,Darren,Null,Null,https://www.tokopedia.com/orico/orico-m-2-nvme-ssd-enclosure-m2pv-c3,5,2025-04-17,Barang sesuai üëç
36,Adrian,Null,Null,https://www.tokopedia.com/orico/orico-type-c-3-2-male-to-female-gen2-2-20gbps-extension-cable-cly32-10,5,2025-04-17,Terima Kasih. Produk sudah diterima dengan baik
37,honggowarsito,Null,Null,https://www.tokopedia.com/orico/orico-6218us3-2535-inch-hdd-and-ssd-hard-drive-dock,5,2025-04-17,"docking seperti ini sudah pernah saya pakai dan bagus . 
semoga ini awet tdk ada kendala juga"
38,S***l,Null,Null,https://www.tokopedia.com/orico/orico-2-5-inch-type-c-hard-drive-external-enclosure-2020c3,5,2025-04-17,"mantap üëç, barang aman dan pakai bubble wrap juga"
39,Muhammad,ORICO Laptop Stand - PFB-A23,Varian: Putih,https://www.tokopedia.com/orico/orico-laptop-stand-pfb-a23,5,2025-04-17,standnya bagus barangnya juga oke buat harga segitu
40,Fahri,ORICO SSD HDD Casing / Enclosure 2.5in USB3 Vintage Cassette - 2580U3,Varian: 2580U3-V1-BK,https://www.tokopedia.com/orico/orico-ssd-hdd-casing-enclosure-2-5in-usb3-vintage-cassette-2580u3,5,2025-04-17,"Packing rapi tapi tidak memakai dus atau plastik hitam agar produk tidak terlihat ‚ö†Ô∏è
Desainnya bagus tapi ternyata desainnya harus pasang sticker sendiri, stickernya tipi..."
41,Ggpro,Null,Null,https://www.tokopedia.com/orico/orico-16-port-usb-hub-with-individual-switches-bt2u3-16ab,1,2025-04-17,seller gak ada itikad baik .. barang rusak dijual .. parah dari tokopedia juga gak ada solusi .. penanganan pengajuan komplain sangat amat lambat ... slogan rusak ganti b...
42,S***a,Null,Null,https://www.tokopedia.com/orico/orico-aluminum-alloy-mini-usb3-0-hub-5-ports-usb-c-usb-a-type-c-pd-65w-ysb4-u2-1730803953339303899,5,2025-04-17,Mantab. Pengiriman cepat. Berfungsi dengan baik.
43,Bong,"ORICO SATA 2.5"" SSD 128GB - Y20",Varian: Y20+2020U3-V1,https://www.tokopedia.com/orico/orico-sata-2-5-ssd-128gb-y20,5,2025-04-17,"Kualitas barangnya bagus.
mungkin packingnya perlu lebih kokoh lagi."
44,Ahmad,"ORICO SATA 2.5"" SSD 128GB/256GB/512GB/1TB/2TB/4TB - Y20 Series",Varian: 128GB,https://www.tokopedia.com/orico/orico-sata-2-5-ssd-128gb-256gb-512gb-1tb-2tb-4tb-y20-series,5,2025-04-17,"Barang sampai, kondisi baru dan bergaransi resmi. terimakasih üôèüèº"
45,Ahmad,Null,Null,https://www.tokopedia.com/orico/orico-3588us3-35-inch-usb30-hdd-enclosure,5,2025-04-17,akhirnya HDD 1 TB nganggur bisa dipake. berfungsi dengan baik
46,Yandi,"ORICO M.2 NVMe & M.2 NGFF/M.2 SATA SSD Enclosure with Silicone Protective Case USB-C up to 5/6/10 Gbps, 2-in-1 Cable Portable Hanging Rope - AXM2 series",Varian: AXM2S-G2,https://www.tokopedia.com/orico/orico-m-2-nvme-m-2-ngff-m-2-sata-ssd-enclosure-with-silicone-protective-case-usb-c-up-to-5-6-10-gbps-2-in-1-cable-portable-hanging-rope-axm2-series,5,2025-04-17,"Barang mantap, respon cepat, pengiriman kilat. mantap"
47,A***n,Null,Null,https://www.tokopedia.com/orico/orico-6629us3-c-usb-30-to-sata-dual-bay-external-hdd-docking-station,5,2025-04-17,barang berfungsi dengan baik. semoga tahan lama
48,A***n,ORICO Card Reader USB3.0 TF / SD - CRS21,Varian: Hitam,https://www.tokopedia.com/orico/orico-card-reader-usb3-0-tf-sd-crs21,5,2025-04-17,barang berfungsi dengan baik. semoga awet.
49,Akbar,Null,Null,https://www.tokopedia.com/orico/orico-7-port-usb-3-0-hub-twu3-7a,4,2025-04-17,"bagus, koneksi cepat juga buat external dan sangat mencukupi buat peripheral. minesnya cuma kadang suka disconnect sendiri sama kabelnya terlalu pendek"
50,Dimas,Null,Null,https://www.tokopedia.com/orico/orico-6228us3-c-2535-inch-usb30-1-to-1-clone-dual-bay-hdd-ssd,5,2025-04-17,"berfungsi dengan baik, blm dipake buat cloning, menyusul ulasan ketika udah dicoba."
51,I***u,Null,Null,https://www.tokopedia.com/orico/orico-shc-u3-4-port-usb3-0-hub-with-phone-tablet-stander,5,2025-04-17,"barangnya oke, udah 2x beli ini terus karena awet bisa sampai 1thn lebih"
52,p***r,ORICO 2.5 inch USB3.0 Micro-B Hard Drive Enclosure - 25PW1-U3,Varian: Hitam,https://www.tokopedia.com/orico/orico-2-5-inch-usb3-0-micro-b-hard-drive-enclosure-25pw1-u3,5,2025-04-17,"* B·¥Ä Ä·¥Ä…¥…¢ P Ä·¥è·¥Ö·¥ú·¥ã S·¥áÍú±·¥ú·¥Ä…™ D·¥á…¥…¢·¥Ä…¥ P·¥èÍú±·¥õ…™…¥…¢·¥Ä…¥.
* H·¥Ä Ä…¢·¥Ä P Ä·¥è·¥Ö·¥ú·¥ã B·¥á ÄÍú±·¥Ä…™…¥…¢ D·¥á…¥…¢·¥Ä…¥ S·¥á ü ü·¥á Ä L·¥Ä…™…¥. 
* C·¥á·¥ò·¥Ä·¥õ R·¥áÍú±·¥ò·¥è…¥.
* P·¥Ä·¥Ñ·¥ã…™…¥…¢·¥Ä…¥ B·¥Ä…¢·¥úÍú± / S·¥ÄÍú∞·¥á·¥õ è.
* L·¥Ä è·¥Ä·¥ã D·¥Ä·¥ò·¥Ä·¥õ 5 S·¥õ·¥Ä Ä."
53,Aditya,Null,Null,https://www.tokopedia.com/orico/orico-w5p-u2-100-usb2-0-desktop-hub-1-meter,5,2025-04-17,barang datang dengan selamat. udh di coba juga dan berkerja dengan baikm kabelnya tebel dan cukup panjang buat komputer yang di bawah meja.. overall semoga awet ü§£
54,Chandra,ORICO Laptop Stand - PFB-A23,Varian: Hitam,https://www.tokopedia.com/orico/orico-laptop-stand-pfb-a23,5,2025-04-17,"barang oke, original. pengiriman cepat. tks"
55,Ananda,Null,Null,https://www.tokopedia.com/orico/orico-adjustable-laptop-stand-pfb-a21,5,2025-04-17,"Barang aman. Untuk versi yang sedikit gampang bergerak, jika tidak menggunakan extra keyboard external. Jika mau ambil yang lebih kokoh cari yg harga diatas nya, yang pos..."
56,S***i,ORICO 2139C3 2.5 inch Type-C Transparent Hard Drive Enclosure,Varian: 2139C3,https://www.tokopedia.com/orico/orico-2139c3-2-5-inch-type-c-transparent-hard-drive-enclosure,5,2025-04-17,"barang mendarat dengan mulus, mau order lagi karena pas laptop dibongkar ada 2 ssd"
57,Syarif,"ORICO M.2 NVMe & M.2 NGFF/M.2 SATA SSD Enclosure with Silicone Protective Case USB-C up to 5/6/10 Gbps, 2-in-1 Cable Portable Hanging Rope - AXM2 series",Varian: AXM2F,https://www.tokopedia.com/orico/orico-m-2-nvme-m-2-ngff-m-2-sata-ssd-enclosure-with-silicone-protective-case-usb-c-up-to-5-6-10-gbps-2-in-1-cable-portable-hanging-rope-axm2-series,4,2025-04-17,"barang oke. murah kualitas bagus
hanya saja kabel bawaan (usb a to c) nya tidak berfungsi dg baik. ketika coba kabel lain (usb c to c) yg saya punya, barang bisa berfungs..."
58,Salam,ORICO N301-10-PRO Micro USB Charging and Data Cable 100cm 2.4A,Varian: Hitam,https://www.tokopedia.com/orico/orico-n301-10-pro-micro-usb-charging-and-data-cable-100cm-2-4a,5,2025-04-17,"real pic, sudah dicoba dan barang berfungsi dengan baik. tidak ada kendala. good product üíØ"
59,Yusuf,Null,Null,https://www.tokopedia.com/orico/orico-hdd-ssd-enclosure-2-5-inch-usb-3-0-2020u3-v1,5,2025-04-17,"Diterima kondisinya bagus, sudah dicoba langsung jalan. Terima kasih banyak."
60,D***n,Null,Null,https://www.tokopedia.com/orico/orico-adjustable-laptop-stand-pfb-a21,5,2025-04-17,"Bahannya terasa kuat. Silikonnya bisa menahan laptopnya agar tidak licin. Strukturnya juga sangat stabil dan ringkas, sehingga bisa dipakai di mana saja"
61,A***f,Null,Null,https://www.tokopedia.com/orico/orico-2-5-3-5-inch-sata-hdd-type-c-with-adapter-0-5m-uts1-3cd-05,5,2025-04-17,"Langsung coba dan bagus converternya, dicoba di hdd 3.5 dan work. pengiriman agak lama. pake type-C, adaptornya jg pake socket type C. mantap"
62,Peter,Null,Null,https://www.tokopedia.com/orico/orico-thunderbolt-4-data-l-cable-40gbps-8k-60hz-pd-100w-0-8m-tbw4-08,5,2025-04-17,Belum sempat coba krn kemaren berangakat agak lama ... smoga bagus2 sj barang ny seperti biasa
63,Zulfan,Null,Null,https://www.tokopedia.com/orico/orico-usb3-1-male-to-type-c-female-adapter-10gbps-ah-ac10,5,2025-04-17,"Seperti biasa produk2 ORICO sangat bisa diandalkan alias bekerja dengan baik, mudah2an awet!"
64,t***a,Null,Null,https://www.tokopedia.com/orico/orico-mog02-micro-usb-to-usb-otg-adapter-for-android-white,4,2025-04-17,"mantap barangnya, walaupun telat 1hari"
65,Akok,Null,Null,https://www.tokopedia.com/orico/orico-charger-20w-type-c-pd-qc-3-0-pv20-c,5,2025-04-17,"pelayanan seller sangat baik, nanya¬≤ rekomendasi dijawab dengan baik..
saya beli untuk samsung & ip, adaptor orico 20W.

semoga awet."
66,Akok,Null,Null,https://www.tokopedia.com/orico/orico-type-c-to-type-c-pd100w-fast-charge-data-cable-150cm-c2cz-15,5,2025-04-17,"kabel tebal, kelihatannya bahan kabel juga kualitas premium..
ada pengikat kabelnya."
67,Akok,Null,Null,https://www.tokopedia.com/orico/orico-foldable-laptop-stand-233-260-87mm-ma15,5,2025-04-17,"build quality bagus.. kokoh, full metal.. pas banget untuk laptop ukuran 14"".

awalnya sempat ada masalah, ada part yg kurang sehinggak ga bisa dirakit, DM ke seller..."
68,Akok,Null,Null,https://www.tokopedia.com/orico/orico-adjustable-laptop-stand-pfb-a21,5,2025-04-17,"stand laptop lipat, build quality bagus. permukaan full karet jadi tidak kawatir bikin laptop lecet..

ada sarung untuk penyimpanan juga.. keren Orico"
69,Paulus,ORICO OTG Micro USB to USB3.0 Adapter - CBT-UM01,Varian: Black,https://www.tokopedia.com/orico/orico-otg-micro-usb-to-usb3-0-adapter-cbt-um01,5,2025-04-17,"pengiriman cepat, kemasan aman, sudah di coba pakai hp, berfungsi dengan baik. terima kasih."
70,AkFis,ORICO Laptop Stand - PFB-A23,Varian: Putih,https://www.tokopedia.com/orico/orico-laptop-stand-pfb-a23,5,2025-04-17,kualitas oke mayan kokoh. yang bikin kesel kurir jne nya sih lama bgt ga dianter2
71,Wira,Null,Null,https://www.tokopedia.com/orico/orico-computer-host-bracket-with-wheels-cpb1,5,2025-04-17,"terima kasih, produk tiba dengan baik ya."
72,A***n,Null,Null,https://www.tokopedia.com/orico/orico-ethernet-network-cable-cat6-gigabit-lan-2m-pug-c6-20,5,2025-04-17,"Berfungsi dengan baik dan pengiriman cepat, terima kasih"
73,fajar,Null,Null,https://www.tokopedia.com/orico/orico-2-5-inch-hard-drive-protection-bag-phm-25,5,2025-04-10,"barangnya bagus, agak kokoh, besar penyimpanannya. cocok buat yang set up powerbank, HDD 2.5, sata, dap, atau set up iem kalian."
74,I***n,ORICO Laptop Stand - PFB-A23,Varian: Hitam,https://www.tokopedia.com/orico/orico-laptop-stand-pfb-a23,5,2025-04-10,"Sesuai harga lah. Plastik, kurang lebar tapi cukup (kalo laptop 15 inch ketar ketir si)"
75,U***u,"ORICO HDD SSD Casing / Enclosure 2.5"" USB-C to USB3.0 - 2520C3",Varian: Hitam - 2520C3-V1,https://www.tokopedia.com/orico/orico-hdd-ssd-casing-enclosure-2-5-usb-c-to-usb3-0-2520c3,5,2025-04-10,mantap lah bagus walaupun paste nya lama tapi bagus lah
76,Moch,Null,Null,https://www.tokopedia.com/orico/orico-aux-copper-shell-3-5mm-audio-extension-cable-200-cm-am-m2-20,5,2025-04-10,pengiriman sangat cepat
77,Moch,Null,Null,https://www.tokopedia.com/orico/orico-nvme-storage-bag-m2ph01,5,2025-04-10,pengiriman sangat cepat
78,L***a,Null,Null,https://www.tokopedia.com/orico/orico-mh4pu-usb3-0-clip-type-hub,5,2025-04-10,so sad.. berfungsi dengan baik tapi ga bisa dipake karena meja saya ketebelan :(
79,J***o,Null,Null,https://www.tokopedia.com/orico/orico-4-port-usb-3-0-hub-twu3-4a,5,2025-04-10,Pengiriman cepat.  Barang sesuai deskripsi.
80,S***h,Null,Null,https://www.tokopedia.com/orico/orico-adjustable-laptop-stand-metal-pfb-a2,5,2025-04-10,"bahan kokoh, semoga awet"
81,Luluk,Null,Null,https://www.tokopedia.com/orico/orico-4in1-type-c-card-reader-tf-sd-cf-ms-5gbps-cl4d-c3,5,2025-04-10,bagus dan berfungsi baik
82,A***i,"ORICO M.2 NVMe & M.2 NGFF/M.2 SATA SSD Enclosure with Silicone Protective Case USB-C up to 5/6/10 Gbps, 2-in-1 Cable Portable Hanging Rope - AXM2 series",Varian: AXM2-G2-V1,https://www.tokopedia.com/orico/orico-m-2-nvme-m-2-ngff-m-2-sata-ssd-enclosure-with-silicone-protective-case-usb-c-up-to-5-6-10-gbps-2-in-1-cable-portable-hanging-rope-axm2-series,5,2025-04-10,"mudah digunakan langsung konek, ada usb sma type c sekaligus"
83,Muhamad,"ORICO SATA 2.5"" SSD 128GB/256GB/512GB/1TB/2TB/4TB - Y20 Series",Varian: 128GB,https://www.tokopedia.com/orico/orico-sata-2-5-ssd-128gb-256gb-512gb-1tb-2tb-4tb-y20-series,5,2025-04-10,Proses sangat cepat. Barang selamat walaupun belum dicoba.
84,Yoga,Null,Null,https://www.tokopedia.com/orico/orico-steel-cpu-case-bracket-stand-with-safety-fences-cpb5,5,2025-04-10,mantap
85,Andri,"ORICO M.2 NVMe & M.2 NGFF/M.2 SATA SSD Enclosure with Silicone Protective Case USB-C up to 5/6/10 Gbps, 2-in-1 Cable Portable Hanging Rope - AXM2 series",Varian: AXM2F-V1,https://www.tokopedia.com/orico/orico-m-2-nvme-m-2-ngff-m-2-sata-ssd-enclosure-with-silicone-protective-case-usb-c-up-to-5-6-10-gbps-2-in-1-cable-portable-hanging-rope-axm2-series,5,2025-04-10,Rekomended seller....biarkan bintang berbicara...
86,Ghaniy,"ORICO M.2 NVMe & M.2 NGFF/M.2 SATA SSD Enclosure with Silicone Protective Case USB-C up to 5/6/10 Gbps, 2-in-1 Cable Portable Hanging Rope - AXM2 series",Varian: AXM2S-G2-V1,https://www.tokopedia.com/orico/orico-m-2-nvme-m-2-ngff-m-2-sata-ssd-enclosure-with-silicone-protective-case-usb-c-up-to-5-6-10-gbps-2-in-1-cable-portable-hanging-rope-axm2-series,5,2025-04-10,"mantab, barangnya bagus"
87,B***n,ORICO HDD SSD Enclosure 2.5 Inch USB 3.0 - 2020U3,Varian: 2020U3-V1,https://www.tokopedia.com/orico/orico-hdd-ssd-enclosure-2-5-inch-usb-3-0-2020u3,5,2025-04-10,bagus
88,Oqie,Null,Null,https://www.tokopedia.com/orico/orico-hdd-ssd-enclosure-2-5-inch-usb-3-0-2020u3-v1,5,2025-04-10,terimakasih enclosurenya sudah sampai
89,Sarwo,Null,Null,https://www.tokopedia.com/orico/orico-adjustable-laptop-stand-metal-pfb-a2,5,2025-04-10,"bahannya cukup solid, pemakaian sangat simpel. untuk laptop yg ukuran 15,6 inch kelihatannya kecil tapi sangat kuat. mantap. thank you seller."
90,Ageng,ORICO Laptop Stand - PFB-A23,Varian: Hitam,https://www.tokopedia.com/orico/orico-laptop-stand-pfb-a23,5,2025-04-10,Keren.. kokoh barangnya
91,khalif,ORICO PW Series 4-Port USB3.0 Hub - PAPW Series,Varian: PAPW4A-U3-015 - Hitam,https://www.tokopedia.com/orico/orico-pw-series-4-port-usb3-0-hub-papw-series,5,2025-04-10,"ya udah sih sesuai dengan fungsinya
tapi somehow build quality nya agak aneh, platenya sih gak kaleng kaleng tapi entah kenapa kerasa kopong padahal bisa dirasain ni baha..."
92,Harry,Null,Null,https://www.tokopedia.com/orico/orico-type-c-hub-to-usb-3-0-1-port-usb-2-0-3-port-ah-13,5,2025-04-10,packing mantap kuat dengan bubble wrapped tebal. barang sesuai iklan. dicoba sebentar tadi terlihat berfungsi dengan baik. barang branded kayak ORICO memang meyakinkan si...
93,Abhinanda,ORICO Laptop Stand - PFB-A23,Varian: Hitam,https://www.tokopedia.com/orico/orico-laptop-stand-pfb-a23,5,2025-04-10,sangat memuaskan sesuai ekspetasi
94,Asran,ORICO USB4 M.2 NVMe SSD Enclosure - TCM2-U4,Varian: PWFM2-WH,https://www.tokopedia.com/orico/orico-usb4-m-2-nvme-ssd-enclosure-tcm2-u4,1,2025-04-10,informasi barang tdk lengkap membuat konsumen terkecoh
95,Hery,Null,Null,https://www.tokopedia.com/orico/orico-4-port-usb-3-0-hub-twu3-4a-fs,5,2025-04-10,belum ada ulasan
96,Ridho,ORICO OTG Type-C to USB3.0 Adapter - CBT-UT01,Varian: SILVER,https://www.tokopedia.com/orico/orico-otg-type-c-to-usb3-0-adapter-cbt-ut01,5,2025-04-10,Same day rasa instant
97,Flobert,Null,Null,https://www.tokopedia.com/orico/orico-w5p-u2-100-usb2-0-desktop-hub-1-meter,5,2025-04-10,"bagus protable , berfungsi"
98,A***s,Null,Null,https://www.tokopedia.com/orico/orico-4-port-usb-3-0-hub-twu3-4a,5,2025-04-10,"Datang dengan kondisi barang yang baik. Di-test untuk keyboard + mouse + headphone + pentab tanpa power tambahan, semua berjalan dengan baik. Semoga awet."
99,Anthony,Null,Null,https://www.tokopedia.com/orico/orico-adjustable-computer-case-bracket-with-wheels-cpb4,5,2025-04-10,"Seller fast respond & Pengiriman cepat
Barang sesuai dengan Deskripsi, dapat diadjust ukuran dan kuat menampung CPU Berat."
100,J***n,ORICO Laptop Stand - PFB-A23,Varian: Hitam,https://www.tokopedia.com/orico/orico-laptop-stand-pfb-a23,5,2025-04-10,"bagus, kuat, tingginya pas
.................."
101,Kentaro,ORICO HDD SSD Enclosure 2.5 Inch USB 3.0 - 2020U3,Varian: 2020U3-V1,https://www.tokopedia.com/orico/orico-hdd-ssd-enclosure-2-5-inch-usb-3-0-2020u3,5,2025-04-10,"lancar, tanpa masalah, aman dan cepat"
102,Dean,Null,Null,https://www.tokopedia.com/orico/orico-hdmi-bi-directional-splitter-or-switcher-4k-60hz-hs2-a1-bk-ep,5,2025-04-10,"Barang sesuai deskripsi, berfungsi dengan baik, dan pengiriman juga cepat"
103,Ariefianto,Null,Null,https://www.tokopedia.com/orico/orico-usb3-0-hub-3-ports-tf-memory-5gbps-ah-a12f,5,2025-04-10,Mantapppp
104,B***s,ORICO Laptop Stand - PFB-A23,Varian: Hitam,https://www.tokopedia.com/orico/orico-laptop-stand-pfb-a23,5,2025-04-10,"Semoga awet, cukup kokoh untuk laptop 14"""
105,i,ORICO Laptop Stand - PFB-A23,Varian: Hitam,https://www.tokopedia.com/orico/orico-laptop-stand-pfb-a23,5,2025-04-10,"Diterima dengan baik, bahan kuat menahan beban laptop. Mudah digunakan"
106,T***y,Null,Null,https://www.tokopedia.com/orico/orico-foldable-phone-holder-metal-lst-s1,5,2025-04-10,barang diterima sesuai deskripsi penjual. terima kasib
107,H***s,Null,Null,https://www.tokopedia.com/orico/orico-3588c3-2-5-3-5-inch-type-c-hard-drive-enclosure,5,2025-04-10,Kualitas Terbaik!
108,Marcelino,Null,Null,https://www.tokopedia.com/orico/orico-4-port-usb-3-0-hub-twu3-4a-fs,5,2025-04-10,mantap
109,t***n,ORICO Laptop Stand - PFB-A23,Varian: Hitam,https://www.tokopedia.com/orico/orico-laptop-stand-pfb-a23,5,2025-04-10,pengiriman cepat dan aman
110,T***a,ORICO 2139C3 2.5 inch Type-C Transparent Hard Drive Enclosure,Varian: 2139C3,https://www.tokopedia.com/orico/orico-2139c3-2-5-inch-type-c-transparent-hard-drive-enclosure,5,2025-04-10,desainnya bagus. lampunya posisi dibawah. ga bikin blereng. ada dikasih kabel usb to type c juga. plug n play
111,Dinahyun,Null,Null,https://www.tokopedia.com/orico/orico-2-5-inch-hard-drive-protection-bag-phm-25,5,2025-04-10,"cakep, banget. bakal beli lagi kayanya. terimakasih"
112,Dinahyun,ORICO OTG Type-C to USB3.0 Adapter - CBT-UT01,Varian: Hitam,https://www.tokopedia.com/orico/orico-otg-type-c-to-usb3-0-adapter-cbt-ut01,5,2025-04-10,"very nice, berfungsi dengan baik otgnya. Ada garansi juga. packingnya langsung di balut bubble wrap (no box), but that's okay. thanks"
113,Lintang,Null,Null,https://www.tokopedia.com/orico/orico-computer-case-bracket-with-wheels-cpb3,5,2025-04-10,bahannya kuat. roda sama remnya juga jalan normal. enak karena ada ventilasinya jg jadi bagus buat airflow PC
114,Ryan,ORICO Mini 3 Port USB Hub USB 3.0 2.0 - MINI-U32,Varian: Hitam,https://www.tokopedia.com/orico/orico-mini-3-port-usb-hub-usb-3-0-2-0-mini-u32,5,2025-04-10,"pesanan sesuai katalog, berfungsi normal"
115,Vivi,Null,Null,https://www.tokopedia.com/orico/orico-2-5-inch-hard-drive-enclosure-with-encryption-2769u3-m,2,2025-04-10,"Kyk nya bukan barang baru (=barang bekas). Lobang baut bnyk bekas tanda kayak prnh dibongkar pasang. Barang blom di coba , apakh brfungsi atau tidak"
116,Dwi,Null,Null,https://www.tokopedia.com/orico/orico-type-c-3-2-male-to-female-gen2-2-20gbps-extension-cable-cly32-10,5,2025-04-10,"berfungsi normal, bahan nylon tebal, semoga awet"
117,T***g,Null,Null,https://www.tokopedia.com/orico/orico-3588us3-35-inch-usb30-hdd-enclosure,5,2025-04-10,biarkan bintang yg bicara mau ngomong apalagubyuk ocoba order
118,Ghozi,Null,Null,https://www.tokopedia.com/orico/orico-w5p-u3-usb3-0-desktop-hub,5,2025-04-10,"Alhamdulillah fungsi, makasih!"
119,Ghozi,Null,Null,https://www.tokopedia.com/orico/orico-foldable-phone-holder-metal-lst-s1,5,2025-04-10,Kokoh euy!
120,F***z,Null,Null,https://www.tokopedia.com/orico/orico-3588us3-35-inch-usb30-hdd-enclosure,5,2025-04-10,Barang berfungsi dengan baik
121,Rifa,ORICO Laptop Stand - PFB-A23,Varian: Hitam,https://www.tokopedia.com/orico/orico-laptop-stand-pfb-a23,5,2025-04-10,"Mantapp caurr lah, barang pun cepat sampainya gaada kendala plus packaging pun rapih sekali boskuu gaada lecet dari dusnya"
122,A***p,Null,Null,https://www.tokopedia.com/orico/orico-hdd-ssd-enclosure-2-5-inch-usb-3-0-2020u3-v1,5,2025-04-10,"produk sdh digunakan dan berfungsi dengan baik, sesuai info pada laman produk"
123,fadel,ORICO Laptop Stand - PFB-A23,Varian: Putih,https://www.tokopedia.com/orico/orico-laptop-stand-pfb-a23,5,2025-04-10,"very very portable, desain simpel namum kokoh menumpu laptop"
124,Maximillian,ORICO Laptop Stand - PFB-A23,Varian: Hitam,https://www.tokopedia.com/orico/orico-laptop-stand-pfb-a23,4,2025-04-10,"bahan ringan dan kokoh, tapi bagian adjustablenya mudah lepas"
125,Latief,Null,Null,https://www.tokopedia.com/orico/orico-foldable-laptop-stand-233-260-87mm-ma15,5,2025-04-10,kokoh kuat tak tertandingi
126,aryo,Null,Null,https://www.tokopedia.com/orico/orico-10in1-usb-a3-0-2-0-usb-c-pd-100w-hdmi-rj45-tf-sd-card-dm-10p,5,2025-04-10,Packingnya bagus. Penjual juga gercep mengirimkan barangnya. Barangnya berfungsi dengan baik.
127,aryo,Null,Null,https://www.tokopedia.com/orico/orico-msata-to-usb-3-2-gen1-transparent-external-ssd-enclosure-tc10-ms,5,2025-04-10,Packingnya bagus. Penjual juga gercep mengirimkan barangnya. Barangnya berfungsi dengan baik.
128,aryo,Null,Null,https://www.tokopedia.com/orico/orico-2-5-inch-hard-drive-protection-bag-phm-25,5,2025-04-10,"Packingnya bagus. Penjual juga gercep mengirimkan barangnya. Barangnya berfungsi dengan baik, kelihatannya sih kokoh lah."
129,aryo,Null,Null,https://www.tokopedia.com/orico/orico-usb3-1-male-to-type-c-female-adapter-10gbps-ah-ac10,5,2025-04-10,Packingnya bagus. Penjual juga gercep mengirimkan barangnya. Barangnya berfungsi dengan baik.
130,aryo,ORICO mSATA SSD 128GB/256GB/512GB/1TB/2TB - ZH10,Varian: 1TB,https://www.tokopedia.com/orico/orico-msata-ssd-128gb-256gb-512gb-1tb-2tb-zh10,5,2025-04-10,"Packingnya bagus. Penjual juga gercep mengirimkan barangnya. Barangnya juga bagus, sejauh ini gak ada masalah setelah lebih dari satu bulan pemakaian."
131,yozenstore,Null,Null,https://www.tokopedia.com/orico/orico-hdmi-bi-directional-splitter-or-switcher-4k-60hz-hs2-a1-bk-ep,5,2025-04-10,"build quality nya plastik, tapi oke kok. cuma agak delay 5 detikan tiap kali ganti2 source"
132,C***a,ORICO Card Reader USB3.0 TF / SD - CRS21,Varian: Hitam,https://www.tokopedia.com/orico/orico-card-reader-usb3-0-tf-sd-crs21,5,2025-04-10,Sesuai deskripsi.
133,C***a,"ORICO SATA 2.5"" SSD 128GB - Y20",Varian: Y20+2020U3-V1,https://www.tokopedia.com/orico/orico-sata-2-5-ssd-128gb-y20,5,2025-04-10,Sesuai deskripsi.
134,karisma,ORICO PHD-25 2.5inch HDD and Gadget Protector,Varian: Merah,https://www.tokopedia.com/orico/orico-phd-25-25inch-hdd-and-gadget-protector,5,2025-04-03,"Proses cepat, pas buat taro hdd sama DAP üëç"
135,karisma,ORICO M.2 SSD Protective Bag - PWFM2,Varian: Merah Muda,https://www.tokopedia.com/orico/orico-m-2-ssd-protective-bag-pwfm2,5,2025-04-03,"Proses cepet, Kegedean ternyata buat kyo ü§≠"
136,M***l,ORICO HDD SSD Enclosure 2.5 Inch USB 3.0 - 2020U3,Varian: 2020U3-V1,https://www.tokopedia.com/orico/orico-hdd-ssd-enclosure-2-5-inch-usb-3-0-2020u3,5,2025-04-03,üëçüèª
137,F***y,Null,Null,https://www.tokopedia.com/orico/orico-usb-a-3-1-male-gen2-to-type-c-female-extension-cable-acf31-10,5,2025-04-03,Pengiriman cepat packing tebal hehehhehehhebehhr
138,Agung,"ORICO M.2 NVMe & M.2 NGFF/M.2 SATA SSD Enclosure with Silicone Protective Case USB-C up to 5/6/10 Gbps, 2-in-1 Cable Portable Hanging Rope - AXM2 series",Varian: AXM2-G2-V1,https://www.tokopedia.com/orico/orico-m-2-nvme-m-2-ngff-m-2-sata-ssd-enclosure-with-silicone-protective-case-usb-c-up-to-5-6-10-gbps-2-in-1-cable-portable-hanging-rope-axm2-series,5,2025-04-03,"paket sudah diterima, sesuai dengan spek, pengamanan paket ok banget, semoga awet... terimakasih...."
139,A***i,Null,Null,https://www.tokopedia.com/orico/orico-adjustable-laptop-stand-metal-pfb-a2,3,2025-04-03,belum ada ulasan
140,Wahyu,ORICO Laptop Stand - PFB-A23,Varian: Putih,https://www.tokopedia.com/orico/orico-laptop-stand-pfb-a23,5,2025-04-03,design bagus dan fungsi sebagaimana mestinya
141,f***n,Null,Null,https://www.tokopedia.com/orico/orico-mh4pu-usb3-0-clip-type-hub,5,2025-03-27,admin: respon dan proses cepat. usb hub: bekerja dengan baik. kurir: cepat dimusim macet saat ini. memuaskan lah
142,Forta,Null,Null,https://www.tokopedia.com/orico/orico-data-cable-usb-type-c-3-2-gen2x2-double-elbow-csl32-05,5,2025-03-27,"produk bagus, packing bagus"
143,ibnu,ORICO Laptop Stand - PFB-A24,Varian: Hitam,https://www.tokopedia.com/orico/orico-laptop-stand-pfb-a24,5,2025-03-27,"barang sampai dengan cepat, kualitas ok, kuat üëç"
144,satriapamungkas3105,ORICO Laptop Stand - PFB-A23,Varian: Hitam,https://www.tokopedia.com/orico/orico-laptop-stand-pfb-a23,5,2025-03-27,Barang Sesuai dengan Gambar. Packing Aman & Rapih
145,A***a,ORICO 2139C3 2.5 inch Type-C Transparent Hard Drive Enclosure,Varian: 2139C3,https://www.tokopedia.com/orico/orico-2139c3-2-5-inch-type-c-transparent-hard-drive-enclosure,5,2025-03-27,"barang original, performa dan kinerja optimal, desain transparan, pelayanan toko juga cepat. Jangan ragu beli di toko ini admin packing cepat dan bisa proses barang cepat..."
146,F***r,ORICO Laptop Stand - PFB-A23,Varian: Hitam,https://www.tokopedia.com/orico/orico-laptop-stand-pfb-a23,5,2025-03-27,"barang sesuai deskripsi, pengiriman jg cepat"
147,Y***k,"ORICO M.2 NVMe & M.2 NGFF/M.2 SATA SSD Enclosure with Silicone Protective Case USB-C up to 5/6/10 Gbps, 2-in-1 Cable Portable Hanging Rope - AXM2 series",Varian: AXM2F,https://www.tokopedia.com/orico/orico-m-2-nvme-m-2-ngff-m-2-sata-ssd-enclosure-with-silicone-protective-case-usb-c-up-to-5-6-10-gbps-2-in-1-cable-portable-hanging-rope-axm2-series,5,2025-03-27,"barang bagus
packing rapi
pengiriman cepat"
148,B***g,ORICO HDD SSD Enclosure 2.5 Inch USB 3.0 - 2020U3,Varian: 2020U3-V1,https://www.tokopedia.com/orico/orico-hdd-ssd-enclosure-2-5-inch-usb-3-0-2020u3,5,2025-03-27,"Barang ok, pengiriman cepat"
149,D***n,ORICO Laptop Stand - PFB-A23,Varian: Putih,https://www.tokopedia.com/orico/orico-laptop-stand-pfb-a23,5,2025-03-27,"great sh*t, this stuff good"
150,F***r,ORICO HDD SSD Enclosure 2.5 Inch USB 3.0 - 2020U3,Varian: 2020U3-V1,https://www.tokopedia.com/orico/orico-hdd-ssd-enclosure-2-5-inch-usb-3-0-2020u3,5,2025-03-27,"ok, mantap. awal nya ga konek. ternyata karena SSD nya di format pake GPT. 
setelah ganti ke MBR, baru bisa auto detect. 
saran jangan pake GPT."
151,Muhammad,ORICO Laptop Stand - PFB-A23,Varian: Putih,https://www.tokopedia.com/orico/orico-laptop-stand-pfb-a23,5,2025-03-27,"Simpel, gampang dibawa kemana-mana, kuat juga buat vivobook, cuman ada bagian yang buat laptopnya itu kurang nempel jadi turun, tapi ga ganggu sih"
152,Candra,Null,Null,https://www.tokopedia.com/orico/orico-4-port-usb3-0-sd-tf-5gbps-hub-papw3at-c3-1730962516127614939,5,2025-03-27,"Gannnn,.. Maaf ini Kelewat Bagus ini barangnya,. Mantull,. Pesanan Mendarat Cepat, Tepat, & Akurat,.. Sy pernah beli Orico yg USB Hub 2.0 sampai skrg super Awet bingi..."
153,Candra,Null,Null,https://www.tokopedia.com/orico/orico-usb3-1-male-to-type-c-female-adapter-10gbps-ah-ac10,5,2025-03-27,"Gannnn,.. Maaf ini Kelewat Bagus ini barangnya,. Mantull,. Pesanan Mendarat Cepat, Tepat, & Akurat,.. Sy pernah beli Orico yg USB Hub 2.0 sampai skrg super Awet bingi..."
154,Candra,ORICO OTG Type-C to USB3.0 Adapter - CBT-UT01,Varian: SILVER,https://www.tokopedia.com/orico/orico-otg-type-c-to-usb3-0-adapter-cbt-ut01,5,2025-03-27,"Gannnn,.. Maaf ini Kelewat Bagus ini barangnya,. Mantull,. Pesanan Mendarat Cepat, Tepat, & Akurat,.. Sy pernah beli Orico yg USB Hub 2.0 sampai skrg super Awet bingi..."
155,M***d,Null,Null,https://www.tokopedia.com/orico/orico-hdd-ssd-enclosure-2-5-inch-usb-3-0-2020u3-v1,5,2025-03-27,Barang Berfungsi Dengan Baik
156,C***n,Null,Null,https://www.tokopedia.com/orico/orico-multifunction-storage-box-for-powerstrip-cmb-28,5,2025-03-27,"bagus barangnya, size gede banget cukup buat extension sama switch"
157,Dendy,Null,Null,https://www.tokopedia.com/orico/orico-type-c-hub-to-usb-3-0-1-port-usb-2-0-3-port-ah-13,5,2025-03-27,berfungsi dengan baik
158,Dendy,Null,Null,https://www.tokopedia.com/orico/orico-usb-hub-3-0-usb-a-2-0-4-port-ahc2-4a-1730962231938615259,5,2025-03-27,berfungsi dengan baik
159,Dendy,ORICO Type C Hub 5Gbps USB 3.0 PD VGA RJ45 SD TF AUX - PW11 Series 2,Varian: PW11-5P-GRAY,https://www.tokopedia.com/orico/orico-type-c-hub-5gbps-usb-3-0-pd-vga-rj45-sd-tf-aux-pw11-series-2,5,2025-03-27,berfungsi dengan baik
160,Dendy,ORICO USB 2.0 to Ethernet LAN Adapter 100 Mbps - UTK-U2,Varian: Hitam,https://www.tokopedia.com/orico/orico-usb-2-0-to-ethernet-lan-adapter-100-mbps-utk-u2,5,2025-03-27,berfungsi dengan baik
161,Asad,Null,Null,https://www.tokopedia.com/orico/orico-hdd-ssd-enclosure-2-5-inch-usb-3-0-2020u3-v1,5,2025-03-24,"BAGUS, BAGUS, BAGUS, BAGUS, BAGUS, BAGUS, BAGUS, BAGUS, BAGUS, BAGUS, BAGUS, BAGUS,"
162,Rio,Null,Null,https://www.tokopedia.com/orico/orico-data-cable-usb-type-c-3-2-gen2x2-double-elbow-csl32-05,5,2025-03-24,"kwalitas barang baik, berfunsi sesuai diskripsi"
163,Rio,Null,Null,https://www.tokopedia.com/orico/orico-rgb-led-gaming-mouse-pad-fsd-15,5,2025-03-24,"kwalitas barang baik, berfunsi sesuai diskripsi"
164,A***i,Null,Null,https://www.tokopedia.com/orico/orico-shc-u3-4-port-usb3-0-hub-with-phone-tablet-stander,5,2025-03-24,Barangnya berfungsi dengan baik
165,HENDRA,ORICO Laptop Stand - PFB-A23,Varian: Hitam,https://www.tokopedia.com/orico/orico-laptop-stand-pfb-a23,5,2025-03-24,"Barang datang sesuai etalase toko, kualitas baik. Saya puas. Trmksh seller"
166,S***k,ORICO Storage basket M 25x16.5x10 - SGA02,Varian: Hijau,https://www.tokopedia.com/orico/orico-storage-basket-m-25x16-5x10-sga02,5,2025-03-24,"Pembelian ke 3. Pengiriman cepat, packing bagus sekali, kualitas barang tidak diragukan lagi"
167,Risky,"ORICO M.2 NVMe & M.2 NGFF/M.2 SATA SSD Enclosure with Silicone Protective Case USB-C up to 5/6/10 Gbps, 2-in-1 Cable Portable Hanging Rope - AXM2 series",Varian: AXM2-G2-V1,https://www.tokopedia.com/orico/orico-m-2-nvme-m-2-ngff-m-2-sata-ssd-enclosure-with-silicone-protective-case-usb-c-up-to-5-6-10-gbps-2-in-1-cable-portable-hanging-rope-axm2-series,5,2025-03-24,"sangat memuaskan selalu pakai product orico, thanks"
168,Bambang,Null,Null,https://www.tokopedia.com/orico/orico-w5p-u2-100-usb2-0-desktop-hub-1-meter,5,2025-03-24,Barang bagus
169,Hilal,ORICO Laptop Stand - PFB-A23,Varian: Hitam,https://www.tokopedia.com/orico/orico-laptop-stand-pfb-a23,5,2025-03-24,Barang sampai dengan selamat dan fungsional sekali.
170,JafSupportSystem,Null,Null,https://www.tokopedia.com/orico/orico-ssd-hdd-docking-dual-bay-clone-transparent-6239u3-c,5,2025-03-24,"fast response, pernah beli yg single bay. tertarik kemudahan cloning jd beli yg dual.bay"
171,Kalpiko,Null,Null,https://www.tokopedia.com/orico/orico-m-2-2230-nvme-ssd-enclosure-m2-2230-military-grade-xam2-g2,5,2025-03-24,"kualitas dan performa optimal, simpel dan bisa dipake dimana aja"
172,D***i,Null,Null,https://www.tokopedia.com/orico/orico-w5p-u2-100-usb2-0-desktop-hub-1-meter,5,2025-03-24,"kualitas barang, yahudddd"
173,I,Null,Null,https://www.tokopedia.com/orico/orico-6-plug-power-strip-round-odr-6a-10a-id,5,2025-03-24,"kualitas bagus, semoga aman buat pc"
174,Benjamin,Null,Null,https://www.tokopedia.com/orico/orico-3139u3-3-5-inch-external-hard-drive-enclosure,5,2025-03-24,MANTAP
175,Stefanus,ORICO 2139U3 2.5 inch Transparent USB3.0 Hard Drive Enclosure,Varian: 2139U3,https://www.tokopedia.com/orico/orico-2139u3-25-inch-transparent-usb30-hard-drive-enclosure,5,2025-03-24,"Bagus, berfungsi dengan baik. Semoga awet"
176,e***a,Null,Null,https://www.tokopedia.com/orico/orico-data-cable-usb-type-c-3-2-gen2x2-elbow-20gbps-4k-60hz-cl32-20,5,2025-03-24,"Pengiriman cepat, seller gercep ramah, build quality nya bagus cuma agak kaku kabel nya, udah coba buat record 4k60 4k30 prores log ke magdrive aman ga ada kendala, garan..."
177,H***m,ORICO Laptop Stand - PFB-A23,Varian: Hitam,https://www.tokopedia.com/orico/orico-laptop-stand-pfb-a23,5,2025-03-24,"Kualitas bangun bagus. Kokoh, ringkas dan mudah dibawa ke mana aja. Mudah diatur sesuai kemiringan yang diinginkan. Pengiriman sesuai dengan estimasi. Cakep üëçüèºüëçüèº"
178,Rayen,Null,Null,https://www.tokopedia.com/orico/orico-shc-u3-4-port-usb3-0-hub-with-phone-tablet-stander,5,2025-03-24,Barang sudah sampai dan sudah dipakai juga. Semoga barangnya aman dan awet.
179,A***d,"ORICO M.2 NVMe & M.2 NGFF/M.2 SATA SSD Enclosure with Silicone Protective Case USB-C up to 5/6/10 Gbps, 2-in-1 Cable Portable Hanging Rope - AXM2 series",Varian: AXM2F-V1,https://www.tokopedia.com/orico/orico-m-2-nvme-m-2-ngff-m-2-sata-ssd-enclosure-with-silicone-protective-case-usb-c-up-to-5-6-10-gbps-2-in-1-cable-portable-hanging-rope-axm2-series,5,2025-03-24,Semoga awet
180,Muhammad,"ORICO M.2 NVMe & M.2 NGFF/M.2 SATA SSD Enclosure with Silicone Protective Case USB-C up to 5/6/10 Gbps, 2-in-1 Cable Portable Hanging Rope - AXM2 series",Varian: AXM2S-G2-V1,https://www.tokopedia.com/orico/orico-m-2-nvme-m-2-ngff-m-2-sata-ssd-enclosure-with-silicone-protective-case-usb-c-up-to-5-6-10-gbps-2-in-1-cable-portable-hanging-rope-axm2-series,5,2025-03-24,"berkali kali pake Orico selalu puas dengan build quality nya, terbaik, udah pake HDD Enclosure Orico 2 Pcs, USB Hub Orico, mantap pokok nya"
181,H***n,"ORICO M.2 NVMe & M.2 NGFF/M.2 SATA SSD Enclosure with Silicone Protective Case USB-C up to 5/6/10 Gbps, 2-in-1 Cable Portable Hanging Rope - AXM2 series",Varian: AXM2F,https://www.tokopedia.com/orico/orico-m-2-nvme-m-2-ngff-m-2-sata-ssd-enclosure-with-silicone-protective-case-usb-c-up-to-5-6-10-gbps-2-in-1-cable-portable-hanging-rope-axm2-series,5,2025-03-24,josssssssss........ mantul......... warbyazaa
182,Bagas,Null,Null,https://www.tokopedia.com/orico/orico-magsafe-iphone-prores-20gbps-magnetic-pssd-nvme-direct-external-recording-4k-512gb-a20plus,1,2025-03-24,"sudah pakai converter ke iphone tetap gak mau konek, cuma bisa konek ke android"
183,Jack,ORICO Laptop Stand - PFB-A23,Varian: Hitam,https://www.tokopedia.com/orico/orico-laptop-stand-pfb-a23,5,2025-03-24,"kualitas bagus, material kuat, cocok untuk laptop ringan sih menurut saya,"
184,G***m,ORICO PW Series 4-Port USB3.0 Hub - PAPW Series,Varian: PAPW2AC-C3-015 - Hitam,https://www.tokopedia.com/orico/orico-pw-series-4-port-usb3-0-hub-papw-series,5,2025-03-24,"berfungsi dengan baik, makasih Orico."
185,Xerw,Null,Null,https://www.tokopedia.com/orico/orico-foldable-laptop-stand-233-210-87mm-ma13,5,2025-03-24,"Gampang pasang, kokoh, bahan halus, ada obeng magnet juga. Nice"
186,Xerw,"ORICO M.2 NVMe & M.2 NGFF/M.2 SATA SSD Enclosure with Silicone Protective Case USB-C up to 5/6/10 Gbps, 2-in-1 Cable Portable Hanging Rope - AXM2 series",Varian: AXM2S-G2,https://www.tokopedia.com/orico/orico-m-2-nvme-m-2-ngff-m-2-sata-ssd-enclosure-with-silicone-protective-case-usb-c-up-to-5-6-10-gbps-2-in-1-cable-portable-hanging-rope-axm2-series,5,2025-03-24,"Mudah dibuka, mendukung ssd ukuran kecil, ada captive screw plastik jadi benar benar tool-free. Support lobang ssd yang pendek juga."
187,F***x,"ORICO M.2 NGFF/SATA SSD Case USB-C External SSD Enclosure up to 5Gbps, 2-in-1 Cable Portable Hanging Rope, Silicone Protective Case Shockproof - AXM2F",Varian: AXM2F-V1,https://www.tokopedia.com/orico/orico-m-2-ngff-sata-ssd-case-usb-c-external-ssd-enclosure-up-to-5gbps-2-in-1-cable-portable-hanging-rope-silicone-protective-case-shockproof-axm2f,5,2025-03-24,"saya sudah test, compatible dengan m.2 SATA VGEN Turbo.

CS- nya juga sangat membantu dalam memilih barangnya"
188,Rudy,ORICO PW Series 4-Port USB3.0 Hub - PAPW Series,Varian: PAPW3AT-U3-015 - Hitam,https://www.tokopedia.com/orico/orico-pw-series-4-port-usb3-0-hub-papw-series,5,2025-03-24,"Products: 5/5, Sesuai deskripsi, diterima dalam kondisi baik, no complain sama sekali.

Penjual: 5/5, OK, response cepat, dikirimkan dalam waktu 24 jam setelah pesan.

Pa..."
189,Rudy,Null,Null,https://www.tokopedia.com/orico/orico-hdd-ssd-enclosure-2-5-inch-usb-3-0-2020u3-v1,5,2025-03-24,"Products: 5/5, Sesuai deskripsi, diterima dalam kondisi baik, no complain sama sekali.


Penjual: 5/5, OK, response cepat, dikirimkan dalam waktu 24 jam setelah pesan...."
190,E***n,Null,Null,https://www.tokopedia.com/orico/orico-m-2-sata-ngff-ssd-enclosure-m2pf-c3,1,2025-03-24,"kualitas barang biasa aja, ringkih, pelayanan sombong, salah barang means ga bisa ngapa ngapain, pdhal masih baru dan full garansi 1th."
191,S***o,ORICO Laptop Stand - PFB-A23,Varian: Putih,https://www.tokopedia.com/orico/orico-laptop-stand-pfb-a23,5,2025-03-24,Ok
192,Deasy,Null,Null,https://www.tokopedia.com/orico/orico-6218us3-2535-inch-hdd-and-ssd-hard-drive-dock,5,2025-03-24,"barang oke. pengiriman instant, sampai esok harinya. recommended seller"
193,hakaye,Null,Null,https://www.tokopedia.com/orico/orico-w5p-u3-usb3-0-desktop-hub,5,2025-03-24,mantap
194,QfLy,Null,Null,https://www.tokopedia.com/orico/orico-hdd-ssd-enclosure-2-5-inch-usb-3-0-2020u3-v1,5,2025-03-24,"barang bagus, berfungsi dengan baik, tampilan seperti hdd ext"
195,A***e,Null,Null,https://www.tokopedia.com/orico/orico-usb3-1-male-to-type-c-female-adapter-10gbps-ah-ac10,5,2025-03-24,bisa buat di hdd external atau usb to LAN
196,h***l,"ORICO M.2 NVMe & M.2 NGFF/M.2 SATA SSD Enclosure with Silicone Protective Case USB-C up to 5/6/10 Gbps, 2-in-1 Cable Portable Hanging Rope - AXM2 series",Varian: AXM2-G2,https://www.tokopedia.com/orico/orico-m-2-nvme-m-2-ngff-m-2-sata-ssd-enclosure-with-silicone-protective-case-usb-c-up-to-5-6-10-gbps-2-in-1-cable-portable-hanging-rope-axm2-series,5,2025-03-24,keren dan berfungsi dengan baik üëç
197,Shinta,ORICO Laptop Stand - PFB-A23,Varian: Hitam,https://www.tokopedia.com/orico/orico-laptop-stand-pfb-a23,5,2025-03-24,barang baru sampe lsg beli 1 lagi. bagus. packing rapih. pengiriman cepat
198,Krisna,ORICO Mini 3 Port USB Hub USB 3.0 2.0 - MINI-U32,Varian: Hitam,https://www.tokopedia.com/orico/orico-mini-3-port-usb-hub-usb-3-0-2-0-mini-u32,5,2025-03-24,"Langganan produk orico dari dulu, dan dari dulu selalu puasüëçüëçüëç. Mohon dipertahankan kualitasnya"
199,wareng,Null,Null,https://www.tokopedia.com/orico/orico-hdd-ssd-enclosure-2-5-inch-usb-3-0-2020u3-v1,5,2025-03-24,"sesuai 
recomended"
200,SINARBIT,ORICO HDD SSD Enclosure 2.5 Inch USB 3.0 - 2020U3,Varian: 2020U3-V1,https://www.tokopedia.com/orico/orico-hdd-ssd-enclosure-2-5-inch-usb-3-0-2020u3,5,2025-03-24,ok
201,Ramadhan,Null,Null,https://www.tokopedia.com/orico/orico-6218us3-2535-inch-hdd-and-ssd-hard-drive-dock,5,2025-03-24,"barang sampai dengan aman dan berfungsi dengan normal, semoga awet"
202,Ramadhan,"ORICO PHX-35 3.5"" HDD Protection Box",Varian: Ungu,https://www.tokopedia.com/orico/orico-phx-35-35-hdd-protection-box,5,2025-03-24,"barang sampai dengan aman, tapi agak susah buat buka unitnya"
203,Dan,ORICO Laptop Stand - PFB-A23,Varian: Putih,https://www.tokopedia.com/orico/orico-laptop-stand-pfb-a23,5,2025-03-24,nice
204,Erik,ORICO 2139U3 2.5 inch Transparent USB3.0 Hard Drive Enclosure,Varian: 2139U3,https://www.tokopedia.com/orico/orico-2139u3-25-inch-transparent-usb30-hard-drive-enclosure,5,2025-03-24,"Barang sudah diterima, belum dicoba semoga bermanfaat"
205,S***k,ORICO Storage basket M 25x16.5x10 - SGA02,Varian: Hijau,https://www.tokopedia.com/orico/orico-storage-basket-m-25x16-5x10-sga02,5,2025-03-24,"Pembelian kedua, barang tetap berkualitas, desain minimalis, packing sangat aman dibungkus bubble wrap, dan pengiriman cepat."
206,H***u,ORICO OTG Type-C to USB3.0 Adapter - CBT-UT01,Varian: SILVER,https://www.tokopedia.com/orico/orico-otg-type-c-to-usb3-0-adapter-cbt-ut01,5,2025-03-24,mantap berfungsi dengan baik..colok hardisk ext ke macbook sukses..
207,A***i,ORICO AUX 3.5mm Audio Extension Cable - AXZ,Varian: 2m,https://www.tokopedia.com/orico/orico-aux-3-5mm-audio-extension-cable-axz,5,2025-03-24,"High Quality, Fast Delivery dan fast response"
208,A***i,ORICO 2139C3 2.5 inch Type-C Transparent Hard Drive Enclosure,Varian: 2139C3,https://www.tokopedia.com/orico/orico-2139c3-2-5-inch-type-c-transparent-hard-drive-enclosure,5,2025-03-24,"High Quality, Fast Delivery dan fast response"
209,I***n,Null,Null,https://www.tokopedia.com/orico/orico-ms2ts-m-2-ngff-msata-to-sata-convertor,5,2025-03-24,produk berfungsi dg baik
210,M***d,Null,Null,https://www.tokopedia.com/orico/orico-3588us3-35-inch-usb30-hdd-enclosure,5,2025-03-24,belum ada ulasan
211,Lukmanul,Null,Null,https://www.tokopedia.com/orico/orico-ms2ts-m-2-ngff-msata-to-sata-convertor,5,2025-03-24,Ga mengira sebagus ini. Semoga tahan lama tanpa drop speed yang signifikan...
212,D***s,Null,Null,https://www.tokopedia.com/orico/orico-enclosure-transparent-usb3-0-2-5-inch-hdd-ssd-2129u3,5,2025-03-24,"Sudah dicoba dan berfungsi dengan baik, packingannya juga rapih."
213,michael,ORICO Laptop Stand - PFB-A23,Varian: Hitam,https://www.tokopedia.com/orico/orico-laptop-stand-pfb-a23,5,2025-03-24,"barang sampai dengan aman, kemasan bagus dan tidak rusak, barang sesuai harapan"
214,Vicko,ORICO 2139C3 2.5 inch Type-C Transparent Hard Drive Enclosure,Varian: 2139C3,https://www.tokopedia.com/orico/orico-2139c3-2-5-inch-type-c-transparent-hard-drive-enclosure,5,2025-03-24,bagus seperti biasa
215,wiwied,Null,Null,https://www.tokopedia.com/orico/orico-data-cable-usb-type-c-3-2-gen2x2-elbow-20gbps-4k-60hz-cl32-05,5,2025-03-24,kereeeen brooo üëç
216,Febriansyah,Null,Null,https://www.tokopedia.com/orico/orico-m-2-nvme-ssd-enclosure-m2pv-c3,5,2025-03-24,"Barang sesuai, kualitas bagus, dapat 2 kabel USB"
217,A***g,"ORICO M.2 NVMe SSD Enclosure with Silicone Protective Case USB-C up to 10 Gbps, 2-in-1 Cable Portable Hanging Rope - AXM2-G2",Varian: AXM2-G2-V1,https://www.tokopedia.com/orico/orico-m-2-nvme-ssd-enclosure-with-silicone-protective-case-usb-c-up-to-10-gbps-2-in-1-cable-portable-hanging-rope-axm2-g2,5,2025-03-24,"Sering belanja disini, gak pernah kecewa beli produk Orico. Material dan kualitas enclosurenya bagus, cocok utk SSD M.2 Nvme Kioxia BG5 dan WD Black SN770M. Setelah di te..."
218,muhamad,ORICO Card Reader USB3.0 TF / SD - CRS21,Varian: Putih,https://www.tokopedia.com/orico/orico-card-reader-usb3-0-tf-sd-crs21,5,2025-03-24,"100% berfungsi, memmory terbaca, pengiriman agak lama aja"
219,N***o,Null,Null,https://www.tokopedia.com/orico/orico-6629us3-c-usb-30-to-sata-dual-bay-external-hdd-docking-station,5,2025-03-24,"Seller responsif dan gercep memproses dan kirim. Kurir pengiriman juga cepat sampai dan komunikatif. Packing bagus, rapi, dan aman. Pakai bubble raping, jadi barang aman...."
220,Sendy,Null,Null,https://www.tokopedia.com/orico/orico-3588c3-2-5-3-5-inch-type-c-hard-drive-enclosure,5,2025-03-24,"paket sampai dengan selamat aman.
saya beli karena,
enclosure seagate expansion desktop saya rusak tapi,
hdd nya untung masih aman,
pembelian taun 2015/8
power on time hd..."
221,Teddie,"ORICO M.2 NVMe & M.2 NGFF/M.2 SATA SSD Enclosure with Silicone Protective Case USB-C up to 5/6/10 Gbps, 2-in-1 Cable Portable Hanging Rope - AXM2 series",Varian: AXM2-G2-V1,https://www.tokopedia.com/orico/orico-m-2-nvme-m-2-ngff-m-2-sata-ssd-enclosure-with-silicone-protective-case-usb-c-up-to-5-6-10-gbps-2-in-1-cable-portable-hanging-rope-axm2-series,5,2025-03-24,"ini enclosure Orico ke 3 saya, 2 pertama untuk SSD M.2 SATA. Br kali ini pakai yang SSD NVMe"
222,pindisetiawan,ORICO 2139C3 2.5 inch Type-C Transparent Hard Drive Enclosure,Varian: 2139C3,https://www.tokopedia.com/orico/orico-2139c3-2-5-inch-type-c-transparent-hard-drive-enclosure,5,2025-03-24,bagus
223,pindisetiawan,"ORICO M.2 NVMe & M.2 NGFF/M.2 SATA SSD Enclosure with Silicone Protective Case USB-C up to 5/6/10 Gbps, 2-in-1 Cable Portable Hanging Rope - AXM2 series",Varian: AXM2F,https://www.tokopedia.com/orico/orico-m-2-nvme-m-2-ngff-m-2-sata-ssd-enclosure-with-silicone-protective-case-usb-c-up-to-5-6-10-gbps-2-in-1-cable-portable-hanging-rope-axm2-series,5,2025-03-24,bagus
224,NAZforu,ORICO 2.5 inch USB3.0 Micro-B Hard Drive Enclosure - 25PW1-U3,Varian: Hitam,https://www.tokopedia.com/orico/orico-2-5-inch-usb3-0-micro-b-hard-drive-enclosure-25pw1-u3,5,2025-03-24,"bekerja dengan optimal. tidak kendala. agak bingunh dibuku panduan nya, ternyata penjelasan untuk semua jenis barang enclosure nya :)"
225,S***e,ORICO 2.5 inch USB3.0 Micro-B Hard Drive Enclosure - 25PW1-U3,Varian: Putih,https://www.tokopedia.com/orico/orico-2-5-inch-usb3-0-micro-b-hard-drive-enclosure-25pw1-u3,5,2025-03-24,"Proses cepat, kemasan aman, produk sesuai dan berfungsi baik."
226,W***U,ORICO HDD SSD Enclosure 2.5 Inch USB 3.0 - 2020U3,Varian: 2020U3-V1,https://www.tokopedia.com/orico/orico-hdd-ssd-enclosure-2-5-inch-usb-3-0-2020u3,5,2025-03-24,Produk berfungsi dengan baik Packaging Bagus Produk Original
227,Simorangkir,Null,Null,https://www.tokopedia.com/orico/orico-foldable-phone-holder-metal-lst-s1,5,2025-03-24,"produk sesuai, pengiriman tepat waktu, recomended seller"
228,R***o,Null,Null,https://www.tokopedia.com/orico/orico-laptop-hard-drive-caddy-9-5mm-for-optical-drive-m95ss,5,2025-03-24,pas presisi
229,Baliyanto,Null,Null,https://www.tokopedia.com/orico/orico-dual-protocol-m-2-nvme-m-2-sata-ssd-m-2-enclosure-10-gb-s-usb-c-3-2-gen2-txm2m-c3,5,2025-03-24,Barangnya ok bgt
230,initial,"ORICO M.2 NVMe SSD Enclosure with Silicone Protective Case USB-C up to 10 Gbps, 2-in-1 Cable Portable Hanging Rope - AXM2-G2",Varian: AXM2-G2,https://www.tokopedia.com/orico/orico-m-2-nvme-ssd-enclosure-with-silicone-protective-case-usb-c-up-to-10-gbps-2-in-1-cable-portable-hanging-rope-axm2-g2,5,2025-03-24,barang sudah sampai tujuan dengan selamat
231,Gede,Null,Null,https://www.tokopedia.com/orico/orico-type-c-hub-to-usb-3-0-1-port-usb-2-0-3-port-ah-13,5,2025-03-24,"Bekerja dengan baik untuk connect Device: Keyboard, Mouse dan Data Storage: Flash Disk dan HDD External."
232,Fourier,ORICO USB Bluetooth Dongle V5.0 Adapter - BTA-508,Varian: Hitam,https://www.tokopedia.com/orico/orico-usb-bluetooth-dongle-v5-0-adapter-bta-508,5,2025-03-24,berfungsi dengan baik dipasang di PC. bisa konek tanpa masalah dg bbrp perangkat bluetooth
233,A***e,Null,Null,https://www.tokopedia.com/orico/orico-2-5-3-5-sata-hdd-ssd-5-bay-dock-with-offline-clone-function-6656c3-c,5,2025-03-24,berfungsi baik. sangat membantu dan mudah
234,A***i,ORICO Laptop Stand - PFB-A23,Varian: Hitam,https://www.tokopedia.com/orico/orico-laptop-stand-pfb-a23,5,2025-03-24,"bagus juga barangnya, bahan nya kerasa kokoh walaupun ga yakin ini bahannya alumunium ato plastik.."
235,MD,Null,Null,https://www.tokopedia.com/orico/orico-aluminum-alloy-mini-usb3-0-hub-5-ports-usb-c-usb-a-type-c-pd-65w-ysb4-u2-1730803953339303899,5,2025-03-24,"bagus ini, kecil dan kokoh. colokan type c ujung (PD) tidak bisa buat transfer data di handphone otg."
236,Dimas,Null,Null,https://www.tokopedia.com/orico/orico-6218us3-2535-inch-hdd-and-ssd-hard-drive-dock,5,2025-03-24,alhamdulillah uji coba ke stb bisa aman nih kalau mau nyoba tapi stbnya pake yang udah di install casa os
237,D***o,Null,Null,https://www.tokopedia.com/orico/orico-usb-c-to-hub-4-port-usb-3-0-twc3-4a,5,2025-03-24,"menarik nih alat, meskipun bukan yang 3.2 tapi transfer & read speed nya masih kenceng...
sempat tidak terbaca awalnya, ternyata cuma mesti aktifin port C di sistem h..."
238,Andreas,Null,Null,https://www.tokopedia.com/orico/orico-storage-case-for-sd-tf-cf-card-reader-phcd-6,5,2025-03-24,Bagus dan sesuai pesanan.. terima kasih üëçüôè
239,Andhika,ORICO HDD SSD Enclosure 2.5 Inch USB 3.0 - 2020U3,Varian: 2020U3-V1,https://www.tokopedia.com/orico/orico-hdd-ssd-enclosure-2-5-inch-usb-3-0-2020u3,5,2025-03-24,Saya pengguna orico cukup lama namun biasanya saya menggunakan yang transparan. Yang satu ini ternyata kualitasnya tidak kalah dengan yang transparan. sangat mudah diguna...
240,Pembeli,Null,Null,https://www.tokopedia.com/orico/orico-phl-25-25-mobile-hard-disk-protector,5,2025-03-24,makasih
241,E***n,ORICO 2139C3 2.5 inch Type-C Transparent Hard Drive Enclosure,Varian: 2139C3,https://www.tokopedia.com/orico/orico-2139c3-2-5-inch-type-c-transparent-hard-drive-enclosure,5,2025-03-24,"bagus, berfungsi."
242,w***i,ORICO Laptop Stand - PFB-A23,Varian: Hitam,https://www.tokopedia.com/orico/orico-laptop-stand-pfb-a23,5,2025-03-24,belum ada ulasan
243,M***l,Null,Null,https://www.tokopedia.com/orico/orico-6218us3-2535-inch-hdd-and-ssd-hard-drive-dock,5,2025-03-24,produk berfungsi dengan baik
244,Dodi,Null,Null,https://www.tokopedia.com/orico/orico-7688u3-3-5-inch-usb3-0-external-hard-drive-enclosure,5,2025-03-24,Paket Sudah Saya Terima Tapi Belum Di Buka thx Gan Sukses Selalu Usaha Nya üòá
245,S***o,ORICO 2139C3 2.5 inch Type-C Transparent Hard Drive Enclosure,Varian: 2139C3,https://www.tokopedia.com/orico/orico-2139c3-2-5-inch-type-c-transparent-hard-drive-enclosure,5,2025-03-24,"packing aman, barang juga aman tidak ada cacat dan penjual juga responnya cepat... trimakasih"
246,J***i,ORICO Laptop Stand - PFB-A23,Varian: Putih,https://www.tokopedia.com/orico/orico-laptop-stand-pfb-a23,5,2025-03-24,"Excellent service and fast delivery! The product matches the description perfectly, and the seller was very responsive. Highly recommended!"
247,Rizki,ORICO OTG Adapter Type C Mirco B USB A Lightning iPhone USB C-W Series,Varian: WCB - Hitam,https://www.tokopedia.com/orico/orico-otg-adapter-type-c-mirco-b-usb-a-lightning-iphone-usb-c-w-series,5,2025-03-24,"Barang sesuai pesanan, sudah dicoba dan hasilnya ok. Mayan biar kabel micro yg lama ga mubazir."
248,Gatri,Null,Null,https://www.tokopedia.com/orico/orico-6218us3-2535-inch-hdd-and-ssd-hard-drive-dock,5,2025-03-24,"Berfungsi dengan baik sekali, terlihat berkualitas. paking rapi dan aman, proses cepat"
249,v***y,Null,Null,https://www.tokopedia.com/orico/orico-6629us3-c-usb-30-to-sata-dual-bay-external-hdd-docking-station,5,2025-03-24,"mantap,pengiriman dan respon cepat"
250,Muliady,Null,Null,https://www.tokopedia.com/orico/orico-4-in-1-type-c-hub-usb-3-0-usb-2-0-hdmi-mdk-4p,5,2025-03-24,"Respon toko nya cepat, kirimnya jg xpress. Produk nya bagus."
251,Cahyono,Null,Null,https://www.tokopedia.com/orico/orico-adjustable-laptop-stand-pfb-a21,4,2025-03-24,"ya design ok, ringan buat dibawa secara mobile, sehingga tas bisa muat banyak, bahan ok"
252,J***y,ORICO 2139C3 2.5 inch Type-C Transparent Hard Drive Enclosure,Varian: 2139C3,https://www.tokopedia.com/orico/orico-2139c3-2-5-inch-type-c-transparent-hard-drive-enclosure,5,2025-03-24,"mantap lgsg pake,  jozzzzzzzz"
253,Zenzen,Null,Null,https://www.tokopedia.com/orico/orico-6629us3-c-usb-30-to-sata-dual-bay-external-hdd-docking-station,5,2025-03-24,belum ada ulasan
254,Aldo,ORICO Laptop Stand - PFB-A23,Varian: Hitam,https://www.tokopedia.com/orico/orico-laptop-stand-pfb-a23,5,2025-03-24,"Barangnya ternyata kokoh dan kuat, cocok bgt buat laptop model sekarang yg slim"
255,Wagiman,"ORICO M.2 NVMe & M.2 NGFF/M.2 SATA SSD Enclosure with Silicone Protective Case USB-C up to 5/6/10 Gbps, 2-in-1 Cable Portable Hanging Rope - AXM2 series",Varian: AXM2S-G2-V1,https://www.tokopedia.com/orico/orico-m-2-nvme-m-2-ngff-m-2-sata-ssd-enclosure-with-silicone-protective-case-usb-c-up-to-5-6-10-gbps-2-in-1-cable-portable-hanging-rope-axm2-series,5,2025-03-24,produk bekerja sesuai kebutuhan utk adapter ssd nvme. utk yg ssd sata belum dicoba
256,Muh,"ORICO M.2 NVMe & M.2 NGFF/M.2 SATA SSD Enclosure with Silicone Protective Case USB-C up to 5/6/10 Gbps, 2-in-1 Cable Portable Hanging Rope - AXM2 series",Varian: AXM2F,https://www.tokopedia.com/orico/orico-m-2-nvme-m-2-ngff-m-2-sata-ssd-enclosure-with-silicone-protective-case-usb-c-up-to-5-6-10-gbps-2-in-1-cable-portable-hanging-rope-axm2-series,5,2025-03-24,belum ada ulasan
257,Arif,Null,Null,https://www.tokopedia.com/orico/orico-6218us3-2535-inch-hdd-and-ssd-hard-drive-dock,5,2025-03-24,kualitas oke
258,Andreas,Null,Null,https://www.tokopedia.com/orico/orico-hdd-ssd-enclosure-2-5-inch-usb-3-0-2020u3-v1,5,2025-03-24,murah meriah mantap fungsi nya...thanks seller
259,suryo,ORICO Laptop Stand - PFB-A23,Varian: Putih,https://www.tokopedia.com/orico/orico-laptop-stand-pfb-a23,5,2025-03-24,Barang sesuai pesanan dan bagus.
260,W***y,Null,Null,https://www.tokopedia.com/orico/orico-6218us3-2535-inch-hdd-and-ssd-hard-drive-dock,5,2025-03-24,Penjual sangat fast response. Recommended seller. Barang tinggal di test. Semoga tidak bermasalah
261,Daniel,Null,Null,https://www.tokopedia.com/orico/orico-foldable-phone-holder-metal-lst-s1,5,2025-03-24,belum ada ulasan
262,A***o,Null,Null,https://www.tokopedia.com/orico/orico-2in1-data-cable-type-c-to-c-usb-40gbps-8k-60hz-0-5m-acc40-05,5,2025-03-24,Selalu menjadi pengalaman yang menyenangkan berbelanja di toko/penjual ini.  Penjual cepat/tanggap terhadap order yang diterima.  Tidak ada penundaan.  Order segera dipro...
263,Muhammad,Null,Null,https://www.tokopedia.com/orico/orico-2-5-3-5-hdd-ssd-10gbps-usb-c-3-2-gen-2-docking-6616c3,5,2025-03-24,"barang berfungsi dengan baik, thx!"
264,Herman,Null,Null,https://www.tokopedia.com/orico/orico-4-port-usb-3-0-hub-twu3-4a,5,2025-03-24,"seperti biasa ORICO sll mantap.
Gak menyesal deh kalau dg ORICO"
265,Ade,ORICO 2139C3 2.5 inch Type-C Transparent Hard Drive Enclosure,Varian: 2139C3,https://www.tokopedia.com/orico/orico-2139c3-2-5-inch-type-c-transparent-hard-drive-enclosure,5,2025-03-24,kualitas ga perlu diragukan kalo orico
266,Syamsu,"ORICO M.2 NVMe & M.2 NGFF/M.2 SATA SSD Enclosure with Silicone Protective Case USB-C up to 5/6/10 Gbps, 2-in-1 Cable Portable Hanging Rope - AXM2 series",Varian: AXM2-G2-V1,https://www.tokopedia.com/orico/orico-m-2-nvme-m-2-ngff-m-2-sata-ssd-enclosure-with-silicone-protective-case-usb-c-up-to-5-6-10-gbps-2-in-1-cable-portable-hanging-rope-axm2-series,5,2025-03-24,"unit bagus, pengiriman cepat, packing aman"
267,Irena,ORICO Heatsink M.2 NGFF M.2 NVME SSD Aluminium - M2HS Series,Varian: M2HS8-FAN-SV,https://www.tokopedia.com/orico/orico-heatsink-m-2-ngff-m-2-nvme-ssd-aluminium-m2hs-series,5,2025-03-24,"pengiriman cepat, barang keliatan bagus walau blm dicoba, design keren"
268,Dikky,Null,Null,https://www.tokopedia.com/orico/orico-mps3025-5mm-mouse-pad-rubber-fs,5,2025-03-24,"Udah jarang bgt yg jual mousepad ukuran segini, jadi tiap butuh mousepad pasti saya kesini. Tebal, bahannya bagus, tahan lama, gak gampang melar, dan packagingnya keren b..."
269,A***a,Null,Null,https://www.tokopedia.com/orico/orico-mini-plug-in-usb3-0-hub-4-ports-ysz1-u3-1730803964977907675,5,2025-03-24,Cocok n bagus buat yang ga ingin extender berkabel yang... ganggu pemandangan juga.
270,Ady,Null,Null,https://www.tokopedia.com/orico/orico-hdd-ssd-enclosure-2-5-inch-usb-3-0-2020u3-v1,5,2025-03-24,barang sesuai pesanan dan sudah di coba berfungsi dengan baik. terima kasih.
271,F***l,Null,Null,https://www.tokopedia.com/orico/orico-hdmi-bi-directional-splitter-or-switcher-4k-60hz-hs2-a1-bk-ep,5,2025-03-24,"pesanan diterima dalam keadaan baik, proses pesanan cepat, sudah dicoba dan berfungsi dgn baik. terima kasih"
272,R***n,ORICO PW Series 4-Port USB3.0 Hub - PAPW Series,Varian: PAPW4A-U3-015 - Hitam,https://www.tokopedia.com/orico/orico-pw-series-4-port-usb3-0-hub-papw-series,5,2025-03-24,sesuai pesanan
273,R***n,ORICO USB Bluetooth Dongle V5.0 Adapter - BTA-508,Varian: Hitam,https://www.tokopedia.com/orico/orico-usb-bluetooth-dongle-v5-0-adapter-bta-508,5,2025-03-24,sesuai pesanan
274,R***o,Null,Null,https://www.tokopedia.com/orico/orico-hdmi-bi-directional-splitter-or-switcher-4k-60hz-hs2-a1-bk-ep,5,2025-03-24,"barang aman, dan di test semua bisa pindah2 dgn smooth, üëçüèªüëçüèªüëçüèª"
275,Andy,ORICO 2139C3 2.5 inch Type-C Transparent Hard Drive Enclosure,Varian: 2139C3,https://www.tokopedia.com/orico/orico-2139c3-2-5-inch-type-c-transparent-hard-drive-enclosure,5,2025-03-24,"barang sampai dengan selamat, dan sesuai dengan pesanan
dipasang dengan hard disk dan menyala normal"
276,A***o,Null,Null,https://www.tokopedia.com/orico/orico-usb4-m-2-nvme-ssd-enclosure-cnm2-u4,5,2025-03-24,* Produk yang dibeli:  ORICO USB4 M.2 NVMe SSD Enclosure - CNM2-U4.  * Ulasan Layanan Toko: Salah satu dari sedikit Penjual yang cepat/tanggap terhadap order yang diterim...
277,Yohan,Null,Null,https://www.tokopedia.com/orico/orico-usb3-0-hub-3-ports-tf-memory-5gbps-ah-a12f,5,2025-03-24,Bagus kecil simple buat komputer.
278,Yohan,Null,Null,https://www.tokopedia.com/orico/orico-type-c-hub-3-ports-usb-3-1-usb-2-0-ah-w13,5,2025-03-24,"Type C nya berfungsi dgn baik cocok di Port Asus Zenbook S14, thank you"
279,Rakha,ORICO Laptop Stand - PFB-A23,Varian: Hitam,https://www.tokopedia.com/orico/orico-laptop-stand-pfb-a23,5,2025-03-24,Barang sesuai mantapp
280,Muri,Null,Null,https://www.tokopedia.com/orico/orico-2-5-3-5-inch-sata-hdd-type-c-with-adapter-0-3m-uts1-3cd-03,5,2025-03-24,Lumayan lah buat irit budget pakai hdd / ssd yang lama jadi gak harus beli lahi. Hhe
281,I***n,Null,Null,https://www.tokopedia.com/orico/orico-3588us3-35-inch-usb30-hdd-enclosure,5,2025-03-24,"bagus, sesuai pesanan."
282,I***n,ORICO PHP-35 3.5√¢¬Ä¬ù HDD Protection Box,Varian: Kuning,https://www.tokopedia.com/orico/orico-php-35-35aaa-hdd-protection-box,5,2025-03-24,"bagus, sesuai pesanan."
283,fajar,ORICO USB-A to USB-C 15W Fast Charge & Data Cable - GQA15,Varian: 150cm,https://www.tokopedia.com/orico/orico-usb-a-to-usb-c-15w-fast-charge-data-cable-gqa15,5,2025-03-24,"kabelnya bagus, tahan lama anti putus dan juga tempat langganan"
284,fajar,Null,Null,https://www.tokopedia.com/orico/orico-usb-a-to-micro-b-android-charging-cable-gqam,5,2025-03-24,belum ada ulasan
285,adi,ORICO OTG Micro USB to USB3.0 Adapter - CBT-UM01,Varian: Black,https://www.tokopedia.com/orico/orico-otg-micro-usb-to-usb3-0-adapter-cbt-um01,5,2025-03-24,"mantap barang sesuai dan kokoh,
berfungsi lancar 
terimakasih ‚≠ê‚≠ê‚≠ê‚≠ê‚≠ê"
286,Rizal,Null,Null,https://www.tokopedia.com/orico/orico-type-c-hub-to-usb-3-0-1-port-usb-2-0-3-port-ah-13,4,2025-03-24,"semoga awet karena ini pembelian kedua, pembelian pertama ga nyampe 1 tahun udah rusak"
287,Alfar,ORICO Laptop Stand - PFB-A23,Varian: Putih,https://www.tokopedia.com/orico/orico-laptop-stand-pfb-a23,5,2025-03-24,Produk sesuai deskripsi. Seller fast response. Packing aman. Pengiriman cepat. Thanks
288,Hendri,Null,Null,https://www.tokopedia.com/orico/orico-mini-plug-in-usb3-0-hub-4-ports-ysz1-u3-1730803964977907675,5,2025-03-24,bagus
289,N***o,Null,Null,https://www.tokopedia.com/orico/orico-6619us3-1bay-25-35-hdd-usb3-docking-station,5,2025-03-24,"Barang sesuai dengan deskripsi. Sudah dicoba menggunakan Hdd SATA lama 1Tb dan aktif dengan cepat, seperti harddisk internal. Memuaskan. Mantap!
Seller responsif, pengiri..."
290,F***i,ORICO Laptop Stand - PFB-A23,Varian: Hitam,https://www.tokopedia.com/orico/orico-laptop-stand-pfb-a23,5,2025-03-24,"mantap, barang berfungsi dengan baik"
291,w***u,Null,Null,https://www.tokopedia.com/orico/orico-hdmi-to-vga-audio-video-convertor-xd-hlfv,5,2025-03-24,pengiriman sangat cepat dan barang bagus
292,z***a,ORICO 2139C3 2.5 inch Type-C Transparent Hard Drive Enclosure,Varian: 2139C3,https://www.tokopedia.com/orico/orico-2139c3-2-5-inch-type-c-transparent-hard-drive-enclosure,5,2025-03-24,"Sesuai eksplorasi, nggak mengecewakan"
293,Reno,Null,Null,https://www.tokopedia.com/orico/orico-2-5-inch-hard-drive-protection-bag-phm-25,5,2025-03-24,"Produk datang dengan selamat. Packing rapi dan tebal. Bisa melindungi barang pesanan.

Ternyata casing tas ini sedikit lebih besar daripada perkiraan saya. Okelah, nnggak..."
294,Kukuh,Null,Null,https://www.tokopedia.com/orico/orico-2-5-inch-type-c-hard-drive-external-enclosure-2020c3,4,2025-03-24,trimakasih sudah merespon dengan cepat
295,J***l,Null,Null,https://www.tokopedia.com/orico/orico-m-2-2230-nvme-ssd-enclosure-m2-2230-military-grade-xam2-g2,5,2025-03-24,"Baru pertama bersentuhan Brand ini, cukup memberikan kesan yang bagus, cukup adem, kecepatan tdk mengecewakan.. good üëç"
296,W***i,ORICO OTG Micro USB to USB3.0 Adapter - CBT-UM01,Varian: Black,https://www.tokopedia.com/orico/orico-otg-micro-usb-to-usb3-0-adapter-cbt-um01,5,2025-03-24,"sudah sampai barangnya gan, terima kasih banyak"
297,L***i,"ORICO SATA 2.5"" SSD 128GB/256GB/512GB/1TB/2TB/4TB - Y20 Series",Varian: 128GB,https://www.tokopedia.com/orico/orico-sata-2-5-ssd-128gb-256gb-512gb-1tb-2tb-4tb-y20-series,5,2025-03-24,belum ada ulasan
298,L***i,Null,Null,https://www.tokopedia.com/orico/orico-2-5-inch-usb3-0-usb-a-to-c-hard-drive-enclosure-2577c3,5,2025-03-24,belum ada ulasan
299,Judyanto,ORICO M2 NVMe M.2 SSD Enclosure (10Gbps) - TCM2-C3,Varian: Red,https://www.tokopedia.com/orico/orico-m2-nvme-m-2-ssd-enclosure-10gbps-tcm2-c3,5,2025-03-24,Mudah dipakai
300,Andry,Null,Null,https://www.tokopedia.com/orico/orico-cable-management-box-cmb-x18,5,2025-03-24,paket sampai dengan cepat dan aman. dan kabel2 jadi rapih. terimakasih
301,O***q,ORICO HDD SSD Enclosure 2.5 Inch USB 3.0 - 2020U3,Varian: 2020U3-V1,https://www.tokopedia.com/orico/orico-hdd-ssd-enclosure-2-5-inch-usb-3-0-2020u3,5,2025-03-24,"barang original, bgus udah sering blanja di oficial lebih aman."
302,F***h,Null,Null,https://www.tokopedia.com/orico/orico-adc-20-micro-usb-charge-and-sync-cable-white,5,2025-03-24,"Bagus‚Ä¶
Susuai‚Ä¶
Fastrespond..
FastCharging‚Ä¶.
Bahan bagus‚Ä¶."
303,F***h,ORICO USB-A to Lightning 12W Fast Charging Cable  - GQA12,Varian: 100cm,https://www.tokopedia.com/orico/orico-usb-a-to-lightning-12w-fast-charging-cable-gqa12,5,2025-03-24,"Bagus‚Ä¶
Susuai‚Ä¶
Fastrespond..
FastCharging‚Ä¶.
Bahan bagus‚Ä¶."
304,F***h,ORICO USB-A to USB-C 15W Fast Charge & Data Cable - GQA15,Varian: 150cm,https://www.tokopedia.com/orico/orico-usb-a-to-usb-c-15w-fast-charge-data-cable-gqa15,5,2025-03-24,Bagus
305,F***n,Null,Null,https://www.tokopedia.com/orico/orico-psm2-x16-m-2-nvme-to-pci-e-3-0-x16-expansion-card,5,2025-03-24,"Berfungsi dengan baik,semoga aja awet"
306,fernando,ORICO Laptop Stand - PFB-A23,Varian: Hitam,https://www.tokopedia.com/orico/orico-laptop-stand-pfb-a23,5,2025-03-24,"barang sesuai, finishing cukup bagus. okelah worth it lah"
307,Marcell,Null,Null,https://www.tokopedia.com/orico/orico-m-2-nvme-ssd-enclosure-10gbps-with-lanyard-m-2-nvme-sata-dual-protocol-enclosure-for-outdoor-travel-oxs2c3-g2-1730786646169782235,5,2025-03-24,Tidak pernah mengecewakanüëçüëç
308,A***g,ORICO 2139C3 2.5 inch Type-C Transparent Hard Drive Enclosure,Varian: 2139C3,https://www.tokopedia.com/orico/orico-2139c3-2-5-inch-type-c-transparent-hard-drive-enclosure,5,2025-03-24,"MANTUL!! produk sesuai deskripsi, recomended seller."
309,C***s,ORICO Laptop Stand - PFB-A23,Varian: Hitam,https://www.tokopedia.com/orico/orico-laptop-stand-pfb-a23,5,2025-03-24,Pengiriman aman Dan Barangnya Bagus
310,Ferdy,Null,Null,https://www.tokopedia.com/orico/orico-mini-dp-to-vga-adapter-built-in-cable-10-cm-display-port-dmp3v,5,2025-03-24,"sudah di coba dan berfungsi built q
ualitinya mantap"
311,Wiwit,ORICO 2139C3 2.5 inch Type-C Transparent Hard Drive Enclosure,Varian: 2139C3,https://www.tokopedia.com/orico/orico-2139c3-2-5-inch-type-c-transparent-hard-drive-enclosure,5,2025-03-24,Kualitas barang bagus. Respon penjual cepat. Barang berfungsi normal.
312,ReiShaqueenAdzkia,"ORICO M.2 NVMe SSD Enclosure with Silicone Protective Case USB-C up to 10 Gbps, 2-in-1 Cable Portable Hanging Rope - AXM2-G2",Varian: AXM2-G2-V1,https://www.tokopedia.com/orico/orico-m-2-nvme-ssd-enclosure-with-silicone-protective-case-usb-c-up-to-10-gbps-2-in-1-cable-portable-hanging-rope-axm2-g2,5,2025-03-24,"barangnya ori
rekomended seller 
semoga berkah dan sukses"
313,Emrald,Null,Null,https://www.tokopedia.com/orico/orico-7-port-usb-3-0-hub-twu3-7a,5,2025-03-24,"Barang dikirim cepet banget, ga sampe 3 jam dari waktu pesan. Lalu packing juga oke. Thanks"
314,Assist,"ORICO HDD SSD Casing / Enclosure 2.5"" USB-C to USB3.0 - 2520C3",Varian: Putih - 2520C3-V1,https://www.tokopedia.com/orico/orico-hdd-ssd-casing-enclosure-2-5-usb-c-to-usb3-0-2520c3,5,2025-03-24,Respon cepat. produk sesuai deskripsi dan berfungsi normal. tinggal masukkan ssd saja tanpa peralatan tertentu.
315,Revanska,"ORICO M.2 NVMe & M.2 NGFF/M.2 SATA SSD Enclosure with Silicone Protective Case USB-C up to 5/6/10 Gbps, 2-in-1 Cable Portable Hanging Rope - AXM2 series",Varian: AXM2S-G2-V1,https://www.tokopedia.com/orico/orico-m-2-nvme-m-2-ngff-m-2-sata-ssd-enclosure-with-silicone-protective-case-usb-c-up-to-5-6-10-gbps-2-in-1-cable-portable-hanging-rope-axm2-series,5,2025-03-24,mudah digunakan. bisa untuk berbagai ukuran ssd. support nvme dan sata. ada heatsink juga jadi buat ssd lebih adem. model colokannya bisa diganti ke usb c ataupun biasa
316,T***o,Null,Null,https://www.tokopedia.com/orico/orico-3139u3-3-5-inch-external-hard-drive-enclosure,5,2025-03-24,"Barang sudah sampai dan sesuai dgn deskripsinya, berfungsi dengan baik. Terima kasih banyak kak"
317,I***a,"ORICO PHX-35 3.5"" HDD Protection Box",Varian: Hitam,https://www.tokopedia.com/orico/orico-phx-35-35-hdd-protection-box,5,2025-03-24,ok cashing yg aman
318,Achmad,ORICO Laptop Stand - PFB-A23,Varian: Putih,https://www.tokopedia.com/orico/orico-laptop-stand-pfb-a23,5,2025-03-24,"cukup kuat untuk harga semurah ini, design juga bagus"
319,Ferry,Null,Null,https://www.tokopedia.com/orico/orico-mini-2230-m-2-nvme-to-type-c-10gbps-ssd-transparent-enclosure-tc20-m2-10g,5,2025-03-24,"Produk nya OK. Pengiriman cepat. Stabil untuk connection ke laptop. Kurang stabil jika connect ke HP samsung, sering putus."
320,Imam,Null,Null,https://www.tokopedia.com/orico/orico-2139c3-g2-2-5in-transparent-type-c-3-1-gen2-harddrive-enclosure,5,2025-03-24,"Sudah diterima, sesuai pesanan, terima kasih ..."
321,Anggigo,Null,Null,https://www.tokopedia.com/orico/orico-type-c-3-2-male-to-female-gen2-2-20gbps-extension-cable-cly32-10,5,2025-03-24,sesuai pesanan dan admin responnya cepat
322,Eko,Null,Null,https://www.tokopedia.com/orico/orico-mini-plug-in-usb3-0-hub-4-ports-ysz1-u3-1730803964977907675,5,2025-03-24,"sudah dicoba, berfungsi baik. ga pernah salah beli USB hub disni"
323,M***H,ORICO Mini 3 Port USB HUB Aluminium USB 3.0 2.0 - MINI-U32L,Varian: Hitam,https://www.tokopedia.com/orico/orico-mini-3-port-usb-hub-aluminium-usb-3-0-2-0-mini-u32l,5,2025-03-24,"mantap, ukuran sesuai, praktis, mudah dibawa"
324,M***H,ORICO Laptop Stand - PFB-A23,Varian: Hitam,https://www.tokopedia.com/orico/orico-laptop-stand-pfb-a23,5,2025-03-24,"Mantap, ukuran pas, pesanan lengkap, mudah digunakan."
325,H***s,ORICO 2139C3 2.5 inch Type-C Transparent Hard Drive Enclosure,Varian: 2139C3,https://www.tokopedia.com/orico/orico-2139c3-2-5-inch-type-c-transparent-hard-drive-enclosure,5,2025-03-24,"mantap, berfungsi dengan baiküëç"
326,O***e,Null,Null,https://www.tokopedia.com/orico/orico-m-2-nvme-ssd-enclosure-m2pv-c3,5,2025-03-24,"barang oke, ga ada masalah. aksesoris lengkap juga 2 tipe kabel, baut cadangan sama obeng juga ada."
327,Sugianto,ORICO M2 NVMe M.2 SSD Enclosure (10Gbps) - TCM2-C3,Varian: Blue,https://www.tokopedia.com/orico/orico-m2-nvme-m-2-ssd-enclosure-10gbps-tcm2-c3,5,2025-03-24,sipp mks barang ori
328,M***d,ORICO M2 NVMe/SATA with 8in1 Multi Docking Hub 10Gbps 4K@60Hz USB-C 3.2 Gen2 PD100W OM28 Series,Varian: 1Gbps Ethernet,https://www.tokopedia.com/orico/orico-m2-nvme-sata-with-8in1-multi-docking-hub-10gbps-4k-60hz-usb-c-3-2-gen2-pd100w-om28-series,5,2025-03-24,"Jangan ditanya soal kualitas terbaik diharganya
Udah gak ada yg bisa ngalahin"
329,Gib,Null,Null,https://www.tokopedia.com/orico/orico-2-5-inch-usb3-0-usb-a-to-c-hard-drive-enclosure-2577c3,5,2025-03-24,"sesuai deskripsi, ringan & berfungsi dgn baik üëç"
330,a***k,Null,Null,https://www.tokopedia.com/orico/orico-16gb-flashdisk-usb-3-0-zinc-alloy-flash-drive-upa30-16gb,4,2025-03-24,"maaf baru kasih ulasan (nunggu anak) sudah diunbox,, paket utuh,, tapi belum dicoba,, tengs"
331,a***k,Null,Null,https://www.tokopedia.com/orico/orico-usb3-0-hub-3-ports-tf-memory-5gbps-ah-a12f,4,2025-03-24,"maaf baru kasih ulasan (nunggu anak) sudah diunbox,, paket utuh,, tapi belum dicoba,, tengs"
332,a***k,ORICO OTG Type-C to USB3.0 Adapter - CBT-UT01,Varian: SILVER,https://www.tokopedia.com/orico/orico-otg-type-c-to-usb3-0-adapter-cbt-ut01,4,2025-03-24,"maaf baru kasih ulasan (nunggu anak) sudah diunbox,, paket utuh,, tapi belum dicoba,, tengs"
333,a***k,ORICO OTG Micro USB to USB3.0 Adapter - CBT-UM01,Varian: Silver,https://www.tokopedia.com/orico/orico-otg-micro-usb-to-usb3-0-adapter-cbt-um01,4,2025-03-24,"maaf baru kasih ulasan (nunggu anak) sudah diunbox,, paket utuh,, tapi belum dicoba,, tengs"
334,t***o,"ORICO M.2 NVMe SSD Enclosure with Silicone Protective Case USB-C up to 10 Gbps, 2-in-1 Cable Portable Hanging Rope - AXM2-G2",Varian: AXM2-G2,https://www.tokopedia.com/orico/orico-m-2-nvme-ssd-enclosure-with-silicone-protective-case-usb-c-up-to-10-gbps-2-in-1-cable-portable-hanging-rope-axm2-g2,5,2025-03-24,"Oke
Ghcjnjj"
335,m***s,ORICO OTG Type-C to USB3.0 Adapter - CBT-UT01,Varian: Hitam,https://www.tokopedia.com/orico/orico-otg-type-c-to-usb3-0-adapter-cbt-ut01,5,2025-03-24,gud sesuai bisa baca android
336,m***s,"ORICO M.2 NVMe & M.2 NGFF/M.2 SATA SSD Enclosure with Silicone Protective Case USB-C up to 5/6/10 Gbps, 2-in-1 Cable Portable Hanging Rope - AXM2 series",Varian: AXM2F-V1,https://www.tokopedia.com/orico/orico-m-2-nvme-m-2-ngff-m-2-sata-ssd-enclosure-with-silicone-protective-case-usb-c-up-to-5-6-10-gbps-2-in-1-cable-portable-hanging-rope-axm2-series,5,2025-03-24,gud sesuaii bisa baca m2 sata
337,Zulfan,ORICO OTG Adapter Type C Mirco B USB A Lightning iPhone USB C-W Series,Varian: WLC - Hitam,https://www.tokopedia.com/orico/orico-otg-adapter-type-c-mirco-b-usb-a-lightning-iphone-usb-c-w-series,5,2025-03-24,Alhamdulillah berfungsi dgn baik
338,Agung,ORICO HDD SSD Enclosure 2.5 Inch USB 3.0 - 2020U3,Varian: 2020U3-V1,https://www.tokopedia.com/orico/orico-hdd-ssd-enclosure-2-5-inch-usb-3-0-2020u3,5,2025-03-24,mantab keren pak cepat dan presisi . apakah harus tulis banyak?
339,Almuharam,Null,Null,https://www.tokopedia.com/orico/orico-3588us3-35-inch-usb30-hdd-enclosure,5,2025-03-24,pesanannya sudah sampai tujuan
340,Abu,Null,Null,https://www.tokopedia.com/orico/orico-shc-u3-4-port-usb3-0-hub-with-phone-tablet-stander,5,2025-03-24,"udah diterima cuma ada kendala di kurirnya aja, sempat salah terima rumahü§£ü§£, tp gpp lah"
341,Arief,ORICO HDD SSD Enclosure 2.5 Inch USB 3.0 - 2020U3,Varian: 2020U3-V1,https://www.tokopedia.com/orico/orico-hdd-ssd-enclosure-2-5-inch-usb-3-0-2020u3,5,2025-03-24,"barang bagus terimakasih kak, maju terus :)"
342,alfin,ORICO 2789U3 2.5 inch USB3.0 Hard Drive Enclosure with Silicone Cover,Varian: Abu-abu,https://www.tokopedia.com/orico/orico-2789u3-2-5-inch-usb3-0-hard-drive-enclosure-with-silicone-cover,1,2025-03-24,"Entah rusak atau tidak kompatibel. Sudah saya coba ke dua HDD berbeda, sama saja hasilnya. Sementara pake dua case merek lain, kedua HDD berfungsi dgn baik. Aneh."
343,E***a,"ORICO M.2 NVMe & M.2 NGFF/M.2 SATA SSD Enclosure with Silicone Protective Case USB-C up to 5/6/10 Gbps, 2-in-1 Cable Portable Hanging Rope - AXM2 series",Varian: AXM2S-G2-V1,https://www.tokopedia.com/orico/orico-m-2-nvme-m-2-ngff-m-2-sata-ssd-enclosure-with-silicone-protective-case-usb-c-up-to-5-6-10-gbps-2-in-1-cable-portable-hanging-rope-axm2-series,5,2025-03-24,"Barangnya Oke, mudah digunakan"
344,A***n,ORICO 2139U3 2.5 inch Transparent USB3.0 Hard Drive Enclosure,Varian: 2139U3,https://www.tokopedia.com/orico/orico-2139u3-25-inch-transparent-usb30-hard-drive-enclosure,5,2025-03-24,mantappp
345,A***i,Null,Null,https://www.tokopedia.com/orico/orico-data-cable-usb-type-c-3-2-gen2x2-20gbps-4k-60hz-cm32-10,5,2025-03-24,"Barang sesuai gambar dan deskripsi, packing oke"
346,M***a,ORICO 2139U3 2.5 inch Transparent USB3.0 Hard Drive Enclosure,Varian: 2139U3,https://www.tokopedia.com/orico/orico-2139u3-25-inch-transparent-usb30-hard-drive-enclosure,5,2025-03-24,"saat dipakai cepat, dan tidak ada kendala.pengiriman juga cepat kondisi barang juga bagus.trims saller"
347,Rahardhian,ORICO Laptop Stand - PFB-A23,Varian: Hitam,https://www.tokopedia.com/orico/orico-laptop-stand-pfb-a23,5,2025-03-24,mantap barang ori
348,hery,"ORICO HDD SSD Casing / Enclosure 2.5"" USB-C to USB3.0 - 2520C3",Varian: Hitam - 2520C3-V1,https://www.tokopedia.com/orico/orico-hdd-ssd-casing-enclosure-2-5-usb-c-to-usb3-0-2520c3,5,2025-03-24,"sesuai deskripsi, colok laptop/pc lansung dikenal."
349,e***o,Null,Null,https://www.tokopedia.com/orico/orico-usb-3-0-hub-4-ports-usb-3-0-5gbps-2-0-480mbps-ah-a13,5,2025-03-24,"Performa nya bagus,...bentuknya elegan.....Memuaskan"
350,Muchlis,Null,Null,https://www.tokopedia.com/orico/orico-3588us3-35-inch-usb30-hdd-enclosure,5,2025-03-24,"packingnya aman banget, material fisiknya oke, kokoh dan safety untuk hdd. pengoperasiannya mudah banget, dan terpenting garansi 2 tahun."
351,Eggy,Null,Null,https://www.tokopedia.com/orico/orico-6518us3-portable-docking-usb30,5,2025-03-24,"top berfungsi dengan baik, garansi pun 2 tahun, mantap orico, semoga awet"
352,R***y,ORICO PW Series 4-Port USB3.0 Hub - PAPW Series,Varian: PAPW4A-U3-015 - Hitam,https://www.tokopedia.com/orico/orico-pw-series-4-port-usb3-0-hub-papw-series,5,2025-03-24,Barang sudah di terima dan sesuai order
353,Ferdinand,Null,Null,https://www.tokopedia.com/orico/orico-6218us3-2535-inch-hdd-and-ssd-hard-drive-dock,5,2025-03-24,pengiriman aman dan cepat. packing dengan bubble wrap yg cukup tebal.
354,Rasya,ORICO Laptop Stand - PFB-A23,Varian: Hitam,https://www.tokopedia.com/orico/orico-laptop-stand-pfb-a23,5,2025-03-24,kokoh banget mantep dahh
355,Iswanto,ORICO Laptop Stand - PFB-A23,Varian: Putih,https://www.tokopedia.com/orico/orico-laptop-stand-pfb-a23,5,2025-03-24,"bahan dari plastik tapi feelnya cukup solid, cocok untuk menaruh laptop biar sirkulasi kipas makin plong"
356,A***y,Null,Null,https://www.tokopedia.com/orico/orico-7688u3-3-5-inch-usb3-0-external-hard-drive-enclosure,5,2025-03-24,"produk sudah diterima dan digunakan, terima kasih"
357,A***y,"ORICO M.2 NVMe & M.2 NGFF/M.2 SATA SSD Enclosure with Silicone Protective Case USB-C up to 5/6/10 Gbps, 2-in-1 Cable Portable Hanging Rope - AXM2 series",Varian: AXM2S-G2-V1,https://www.tokopedia.com/orico/orico-m-2-nvme-m-2-ngff-m-2-sata-ssd-enclosure-with-silicone-protective-case-usb-c-up-to-5-6-10-gbps-2-in-1-cable-portable-hanging-rope-axm2-series,5,2025-03-24,"produk sudah diterima dan sesuai dengan deskripsi, terima kasih"
358,Natalina,ORICO Laptop Stand - PFB-A23,Varian: Hitam,https://www.tokopedia.com/orico/orico-laptop-stand-pfb-a23,5,2025-03-24,"bagus, kokoh, pengiriman cepat dan aman, barang sesuai"
359,R***l,ORICO Laptop Stand - PFB-A23,Varian: Hitam,https://www.tokopedia.com/orico/orico-laptop-stand-pfb-a23,5,2025-03-24,Sangat bermanfaat sekali produknya. Kualitasnya pun sangat baik untuk sekelasnya. Mantap juga sellernya dengan packaging dan respon yang keren üëç
360,gemapasha,Null,Null,https://www.tokopedia.com/orico/orico-4-port-usb3-0-hub-with-micro-b-power-port-w5p-u3-30,5,2025-03-24,"mantap, bagus build nya, kecil tapi fungsional"
361,Stefi,Null,Null,https://www.tokopedia.com/orico/orico-6228us3-c-2535-inch-usb30-1-to-1-clone-dual-bay-hdd-ssd,5,2025-03-24,berfungsi dengan baik
362,A***a,Null,Null,https://www.tokopedia.com/orico/orico-usb-c-to-hub-4-port-usb-3-0-twc3-4a,5,2025-03-24,Barang berfungsi dgn baik dan bokap suka ama model usb-c to hub. Mudah‚Äùan barangnya awet
363,A***s,"ORICO M.2 NVMe & M.2 NGFF/M.2 SATA SSD Enclosure with Silicone Protective Case USB-C up to 5/6/10 Gbps, 2-in-1 Cable Portable Hanging Rope - AXM2 series",Varian: AXM2S-G2-V1,https://www.tokopedia.com/orico/orico-m-2-nvme-m-2-ngff-m-2-sata-ssd-enclosure-with-silicone-protective-case-usb-c-up-to-5-6-10-gbps-2-in-1-cable-portable-hanging-rope-axm2-series,5,2025-03-24,mantap lah...
364,P***g,Null,Null,https://www.tokopedia.com/orico/orico-3588us3-35-inch-usb30-hdd-enclosure,5,2025-03-24,diterima
365,F***o,Null,Null,https://www.tokopedia.com/orico/orico-4-port-usb-3-0-hub-twu3-4a,5,2025-03-24,"Bahannya ringan, Kualitas ok & performa ok."
366,A***z,ORICO OTG Type-C to USB3.0 Adapter - CBT-UT01,Varian: Hitam,https://www.tokopedia.com/orico/orico-otg-type-c-to-usb3-0-adapter-cbt-ut01,5,2025-03-24,sip mantul
367,A***z,ORICO HDD SSD Enclosure 2.5 Inch USB 3.0 - 2020U3,Varian: 2020U3-V1,https://www.tokopedia.com/orico/orico-hdd-ssd-enclosure-2-5-inch-usb-3-0-2020u3,5,2025-03-24,okee berfungsi dengan baik sekaleh
368,Malik,Null,Null,https://www.tokopedia.com/orico/orico-utj-u3-usb3-0-gigabit-ethernet-network-adapter,5,2025-03-24,mantappp
369,Abrazofoto,Null,Null,https://www.tokopedia.com/orico/orico-mh4u-u3-usb3-0-transparent-desktop-hub,5,2025-03-24,barang sudah diterima sesuai order Terima kasih
370,Wadya,ORICO Mini 3 Port USB Hub USB 3.0 2.0 - MINI-U32,Varian: Hitam,https://www.tokopedia.com/orico/orico-mini-3-port-usb-hub-usb-3-0-2-0-mini-u32,5,2025-03-24,terima kasih pesanan sudah sampai
371,I***u,Null,Null,https://www.tokopedia.com/orico/orico-shc-u3-4-port-usb3-0-hub-with-phone-tablet-stander,5,2025-03-24,"terpasang dengan amat sangat rapih, setup jadi bagus"
372,C***a,Null,Null,https://www.tokopedia.com/orico/orico-6218us3-2535-inch-hdd-and-ssd-hard-drive-dock,5,2025-03-24,bagus berfungsi dengan semestinya
373,Rendy,ORICO Laptop Stand - PFB-A23,Varian: Hitam,https://www.tokopedia.com/orico/orico-laptop-stand-pfb-a23,5,2025-03-24,"untuk harga yang cukup terjangkau, produk sudah sangat baik"
374,Sigit,Null,Null,https://www.tokopedia.com/orico/orico-2-5-inch-usb3-0-usb-a-to-c-hard-drive-enclosure-2577c3,5,2025-03-24,"pembelian kesekian kali produk Orico. cocok sesuai ubah harddisk internal jadi external. packing aman, pengiriman cepat."
375,gio,Null,Null,https://www.tokopedia.com/orico/orico-laptop-hard-drive-caddy-9-5mm-for-optical-drive-m95ss,5,2025-03-24,"produk sesuai deskripsi, material bagus pengiriman cepat sampai"
376,Chris,"ORICO M.2 NVMe & M.2 NGFF/M.2 SATA SSD Enclosure with Silicone Protective Case USB-C up to 5/6/10 Gbps, 2-in-1 Cable Portable Hanging Rope - AXM2 series",Varian: AXM2-G2-V1,https://www.tokopedia.com/orico/orico-m-2-nvme-m-2-ngff-m-2-sata-ssd-enclosure-with-silicone-protective-case-usb-c-up-to-5-6-10-gbps-2-in-1-cable-portable-hanging-rope-axm2-series,5,2025-03-24,"bagus, cuma komunikasi penjual agak kaku sekali"
377,NdahBeut,Null,Null,https://www.tokopedia.com/orico/orico-mh4u-u3-usb3-0-transparent-desktop-hub,5,2025-03-24,"pelayanan bagus, barang cepat sampai"
378,Azhar,Null,Null,https://www.tokopedia.com/orico/orico-3588us3-35-inch-usb30-hdd-enclosure,4,2025-02-24,"barang bagus, cepat sampai, langsung pake, plug and play"
379,I***n,ORICO 2189U3 2.5 inch USB3.0 Hard Drive Enclosure,Varian: 2189U3-V1,https://www.tokopedia.com/orico/orico-2189u3-2-5-inch-usb3-0-hard-drive-enclosure-1,5,2025-02-24,"Alhamdulillah barang sudah sampe dan diterima dengan baik.  Terimakasih Seller, Terimakasih Tokopedia, Terimakasih Tim Ekspedisi.  Thanks U."
380,Merr,Null,Null,https://www.tokopedia.com/orico/orico-shc-u3-4-port-usb3-0-hub-with-phone-tablet-stander,5,2025-02-24,mantap bagus
